Ticker,QQQ,QQQ,QQQ,QQQ,QQQ,QQQ,SOXL,SOXL,SOXL,SOXL,SOXL,SOXL
Price,Open,High,Low,Close,Adj Close,Volume,Open,High,Low,Close,Adj Close,Volume
2026-06-22 09:30:00-04:00,742.02001953125,744.4398803710938,740.4299926757812,741.2000122070312,741.2000122070312,4255051,299.260009765625,301.0,290.20001220703125,291.0400085449219,291.0400085449219,10177425
2026-06-22 09:45:00-04:00,741.2100219726562,744.6950073242188,741.1900024414062,744.6950073242188,744.6950073242188,1313455,291.05999755859375,298.9599914550781,291.0,298.1000061035156,298.1000061035156,2174356
2026-06-22 10:00:00-04:00,744.5999755859375,745.4299926757812,743.8099975585938,744.0599975585938,744.0599975585938,1352780,297.94000244140625,301.80499267578125,296.0299987792969,301.4800109863281,301.4800109863281,1915240
2026-06-22 10:15:00-04:00,744.0599975585938,744.1099853515625,740.1500244140625,740.4349975585938,740.4349975585938,1417229,301.5199890136719,302.0,295.5299987792969,296.7124938964844,296.7124938964844,1929613
2026-06-22 10:30:00-04:00,740.489990234375,740.5549926757812,737.030029296875,737.3499755859375,737.3499755859375,1982397,296.8500061035156,298.0,290.0,290.6099853515625,290.6099853515625,2272187
2026-06-22 10:45:00-04:00,737.3200073242188,738.6599731445312,735.3499755859375,737.6694946289062,737.6694946289062,1913521,290.7200012207031,295.7200012207031,289.45001220703125,294.989501953125,294.989501953125,1692846
2026-06-22 11:00:00-04:00,737.7100219726562,738.5900268554688,736.7999877929688,737.364990234375,737.364990234375,1924330,294.6400146484375,297.19781494140625,293.5400085449219,294.1000061035156,294.1000061035156,1099807
2026-06-22 11:15:00-04:00,737.5501098632812,738.0131225585938,736.3099975585938,736.6286010742188,736.6286010742188,1786799,294.31500244140625,296.4470520019531,292.3900146484375,293.55010986328125,293.55010986328125,757934
2026-06-22 11:30:00-04:00,736.630126953125,738.469970703125,736.1799926757812,737.9299926757812,737.9299926757812,843876,293.79998779296875,295.92999267578125,291.5,294.989990234375,294.989990234375,732674
2026-06-22 11:45:00-04:00,737.9000244140625,738.5050048828125,735.3599853515625,735.7376098632812,735.7376098632812,1220160,295.1099853515625,296.24560546875,288.840087890625,289.5487976074219,289.5487976074219,1049926
2026-06-22 12:00:00-04:00,735.739990234375,736.4099731445312,734.3900146484375,736.2899169921875,736.2899169921875,855178,289.54998779296875,291.85260009765625,286.2401123046875,291.1278991699219,291.1278991699219,1119691
2026-06-22 12:15:00-04:00,736.27001953125,737.088623046875,735.5800170898438,736.4000244140625,736.4000244140625,889968,291.3500061035156,294.0,290.0,293.82501220703125,293.82501220703125,741401
2026-06-22 12:30:00-04:00,736.4400024414062,736.4500122070312,734.9099731445312,735.3800048828125,735.3800048828125,940623,293.864990234375,294.0,290.0,290.81500244140625,290.81500244140625,555836
2026-06-22 12:45:00-04:00,735.3900146484375,736.8400268554688,734.8699951171875,736.469970703125,736.469970703125,766659,290.80499267578125,294.9800109863281,288.79998779296875,293.8999938964844,293.8999938964844,776563
2026-06-22 13:00:00-04:00,736.47998046875,736.77001953125,735.1099853515625,735.97998046875,735.97998046875,692874,293.864990234375,294.9100036621094,291.1000061035156,292.8900146484375,292.8900146484375,530934
2026-06-22 13:15:00-04:00,735.989990234375,737.010009765625,735.969970703125,736.6414794921875,736.6414794921875,377946,292.8900146484375,294.8999938964844,292.70001220703125,294.0663146972656,294.0663146972656,501560
2026-06-22 13:30:00-04:00,736.6599731445312,736.8800048828125,735.7650146484375,736.2999877929688,736.2999877929688,364942,294.1499938964844,294.95001220703125,293.0400085449219,293.7799987792969,293.7799987792969,285872
2026-06-22 13:45:00-04:00,736.2999877929688,737.9500122070312,736.1500244140625,737.1199951171875,737.1199951171875,833027,293.79998779296875,296.30999755859375,293.4200134277344,294.5,294.5,550998
2026-06-22 14:00:00-04:00,737.1599731445312,737.6799926757812,736.8099975585938,737.375,737.375,430786,294.489990234375,295.9574890136719,294.20660400390625,294.739990234375,294.739990234375,235762
2026-06-22 14:15:00-04:00,737.4000244140625,738.27001953125,737.14501953125,737.4299926757812,737.4299926757812,725132,294.739990234375,296.2735900878906,294.1200866699219,294.8599853515625,294.8599853515625,379396
2026-06-22 14:30:00-04:00,737.4500122070312,737.909912109375,736.2999877929688,736.3499755859375,736.3499755859375,802427,294.9100036621094,295.7372131347656,291.2499084472656,291.5,291.5,420933
2026-06-22 14:45:00-04:00,736.3699951171875,736.9000244140625,735.5399780273438,735.719970703125,735.719970703125,1046586,291.42999267578125,293.3399963378906,290.9599914550781,291.29998779296875,291.29998779296875,569265
2026-06-22 15:00:00-04:00,735.760009765625,736.6400146484375,735.1282958984375,736.0549926757812,736.0549926757812,952655,291.4700012207031,293.2898864746094,290.38140869140625,292.3999938964844,292.3999938964844,618937
2026-06-22 15:15:00-04:00,736.0800170898438,736.3800048828125,735.4349975585938,735.4735717773438,735.4735717773438,693596,292.5350036621094,292.989990234375,291.0,291.760009765625,291.760009765625,553258
2026-06-22 15:30:00-04:00,735.52001953125,736.5700073242188,735.52001953125,735.7999877929688,735.7999877929688,1767549,291.760009765625,295.44989013671875,291.760009765625,293.8699951171875,293.8699951171875,813355
2026-06-22 15:45:00-04:00,735.7899780273438,738.5,735.760009765625,738.0499877929688,738.0499877929688,3345973,293.989990234375,301.5,293.989990234375,300.80999755859375,300.80999755859375,2195628
2026-06-23 09:30:00-04:00,714.25,717.7999877929688,713.280029296875,716.6900024414062,716.6900024414062,7272170,236.0,243.08999633789062,231.0,235.0695037841797,235.0695037841797,17314105
2026-06-23 09:45:00-04:00,716.5800170898438,720.9000244140625,715.9099731445312,720.6900024414062,720.6900024414062,2818363,235.0800018310547,248.2454071044922,233.0,245.8000030517578,245.8000030517578,4278919
2026-06-23 10:00:00-04:00,720.6900024414062,722.7999877929688,720.6199951171875,722.4749755859375,722.4749755859375,2451603,245.88999938964844,252.9499969482422,244.82000732421875,250.4499969482422,250.4499969482422,3913722
2026-06-23 10:15:00-04:00,722.510009765625,723.6099853515625,721.0,722.0150146484375,722.0150146484375,1730521,250.49000549316406,252.97999572753906,243.30999755859375,245.53500366210938,245.53500366210938,2918585
2026-06-23 10:30:00-04:00,722.0499877929688,722.3599853515625,719.2999877929688,719.6099853515625,719.6099853515625,1517633,245.74560546875,247.10000610351562,238.0,238.5,238.5,2827372
2026-06-23 10:45:00-04:00,719.6400146484375,720.6500244140625,717.8900756835938,718.87158203125,718.87158203125,1618488,238.5,241.9600067138672,234.4300994873047,237.97500610351562,237.97500610351562,2765020
2026-06-23 11:00:00-04:00,718.8800048828125,719.6500244140625,716.719970703125,717.3300170898438,717.3300170898438,1526505,237.9499969482422,240.74000549316406,233.0,233.25,233.25,2037162
2026-06-23 11:15:00-04:00,717.3499755859375,717.6199951171875,715.3900146484375,715.77001953125,715.77001953125,1453579,233.40249633789062,234.25999450683594,231.00999450683594,231.47999572753906,231.47999572753906,2249095
2026-06-23 11:30:00-04:00,715.7000122070312,717.280029296875,715.0900268554688,715.9349975585938,715.9349975585938,1289316,231.52999877929688,236.0,231.1300048828125,231.89500427246094,231.89500427246094,1553577
2026-06-23 11:45:00-04:00,715.969970703125,718.0499877929688,715.6500244140625,717.5313720703125,717.5313720703125,865649,231.89500427246094,236.67999267578125,230.1300048828125,234.73500061035156,234.73500061035156,1935362
2026-06-23 12:00:00-04:00,717.5399780273438,720.2999267578125,717.3300170898438,720.0349731445312,720.0349731445312,1137528,234.79849243164062,243.5399932861328,234.12449645996094,242.3300018310547,242.3300018310547,1990559
2026-06-23 12:15:00-04:00,720.0800170898438,720.280029296875,718.3499755859375,719.3900146484375,719.3900146484375,1295448,242.5,242.67999267578125,235.5500030517578,238.5,238.5,1424124
2026-06-23 12:30:00-04:00,719.4199829101562,720.0399780273438,718.4500122070312,719.9500122070312,719.9500122070312,980141,238.57899475097656,240.83999633789062,235.55999755859375,240.77999877929688,240.77999877929688,722231
2026-06-23 12:45:00-04:00,720.02001953125,720.0698852539062,718.280029296875,719.0449829101562,719.0449829101562,898418,240.77999877929688,240.89999389648438,235.0,236.20799255371094,236.20799255371094,957144
2026-06-23 13:00:00-04:00,719.010009765625,719.4500122070312,717.2899780273438,718.7100219726562,718.7100219726562,1261065,236.3000030517578,238.32989501953125,233.0,236.50100708007812,236.50100708007812,1095709
2026-06-23 13:15:00-04:00,718.72998046875,719.7000122070312,718.010009765625,719.114990234375,719.114990234375,537739,236.66000366210938,239.5,234.63999938964844,237.5399932861328,237.5399932861328,802334
2026-06-23 13:30:00-04:00,719.0999755859375,719.7899780273438,718.1199951171875,718.2100219726562,718.2100219726562,533142,237.60000610351562,237.88999938964844,234.10000610351562,234.22000122070312,234.22000122070312,604718
2026-06-23 13:45:00-04:00,718.2100219726562,718.5800170898438,715.8499755859375,715.8699951171875,715.8699951171875,973714,234.3350067138672,234.99000549316406,230.11000061035156,230.11849975585938,230.11849975585938,1474053
2026-06-23 14:00:00-04:00,715.9400024414062,717.0800170898438,715.3400268554688,716.2050170898438,716.2050170898438,1090238,230.14999389648438,233.30999755859375,230.0399932861328,231.33999633789062,231.33999633789062,1357763
2026-06-23 14:15:00-04:00,716.1799926757812,716.6099853515625,715.572998046875,715.8800048828125,715.8800048828125,912385,231.4499969482422,232.4322967529297,230.0,231.74000549316406,231.74000549316406,1089742
2026-06-23 14:30:00-04:00,715.8400268554688,716.0549926757812,713.3099975585938,713.3510131835938,713.3510131835938,1231315,231.60000610351562,231.60000610351562,226.3000030517578,226.4600067138672,226.4600067138672,1951445
2026-06-23 14:45:00-04:00,713.3599853515625,714.0499877929688,712.110107421875,713.3800048828125,713.3800048828125,2170922,226.55999755859375,227.77000427246094,223.0,226.51499938964844,226.51499938964844,2254579
2026-06-23 15:00:00-04:00,713.3699951171875,716.3400268554688,712.9749755859375,714.405029296875,714.405029296875,2413646,226.49000549316406,233.60000610351562,225.22860717773438,229.85000610351562,229.85000610351562,2061184
2026-06-23 15:15:00-04:00,714.2999877929688,715.77001953125,713.0,715.22998046875,715.22998046875,1852487,229.6300048828125,233.0,225.7100067138672,232.25999450683594,232.25999450683594,1411770
2026-06-23 15:30:00-04:00,715.239990234375,716.0,714.3300170898438,714.7999877929688,714.7999877929688,1796504,232.30499267578125,234.96949768066406,229.1699981689453,230.88499450683594,230.88499450683594,1947046
2026-06-23 15:45:00-04:00,714.8400268554688,715.6799926757812,713.52001953125,713.52001953125,713.52001953125,5912838,230.88999938964844,233.73989868164062,226.71009826660156,230.8350067138672,230.8350067138672,4018554
2026-06-24 09:30:00-04:00,714.7999877929688,718.4998779296875,712.739990234375,714.1799926757812,714.1799926757812,4825840,233.11000061035156,237.0,220.25,222.75,222.75,9476291
2026-06-24 09:45:00-04:00,714.1500244140625,717.219970703125,711.780029296875,714.739990234375,714.739990234375,2109871,222.85000610351562,231.67999267578125,221.25999450683594,225.8800048828125,225.8800048828125,3370206
2026-06-24 10:00:00-04:00,714.7449951171875,715.6599731445312,713.3800048828125,714.2899780273438,714.2899780273438,1553385,226.09500122070312,229.8000030517578,223.14999389648438,227.48500061035156,227.48500061035156,1641951
2026-06-24 10:15:00-04:00,714.1799926757812,715.8084716796875,710.8800048828125,715.1500244140625,715.1500244140625,1478347,227.38499450683594,229.0,220.32000732421875,227.63999938964844,227.63999938964844,2350107
2026-06-24 10:30:00-04:00,715.1900024414062,717.2100219726562,715.1900024414062,717.0900268554688,717.0900268554688,1304210,227.2801055908203,233.13999938964844,227.2801055908203,231.75010681152344,231.75010681152344,1697383
2026-06-24 10:45:00-04:00,717.0900268554688,719.5999755859375,716.969970703125,719.5499877929688,719.5499877929688,1358528,231.67999267578125,235.41000366210938,231.17010498046875,234.82000732421875,234.82000732421875,1596155
2026-06-24 11:00:00-04:00,719.5700073242188,719.9299926757812,716.1799926757812,716.97998046875,716.97998046875,1111131,234.9499969482422,235.52000427246094,228.35000610351562,230.0,230.0,1207859
2026-06-24 11:15:00-04:00,716.9600219726562,717.8798828125,715.0999755859375,717.4199829101562,717.4199829101562,1146104,229.98500061035156,231.19000244140625,225.6999969482422,229.74000549316406,229.74000549316406,859796
2026-06-24 11:30:00-04:00,717.4099731445312,718.0499877929688,715.2999877929688,716.048095703125,716.048095703125,782849,229.67999267578125,231.10000610351562,227.5,229.25,229.25,636670
2026-06-24 11:45:00-04:00,716.010986328125,717.6400146484375,714.9600219726562,716.2999877929688,716.2999877929688,846213,229.39990234375,232.0,227.51100158691406,230.50999450683594,230.50999450683594,668432
2026-06-24 12:00:00-04:00,716.3400268554688,717.5,715.6900024414062,716.7100219726562,716.7100219726562,574581,230.48019409179688,232.36000061035156,229.0,231.1009979248047,231.1009979248047,497550
2026-06-24 12:15:00-04:00,716.7999877929688,717.3900146484375,715.9500732421875,716.27001953125,716.27001953125,497803,230.99000549316406,232.89999389648438,230.35000610351562,231.64999389648438,231.64999389648438,412659
2026-06-24 12:30:00-04:00,716.2650146484375,716.2650146484375,712.8800048828125,713.5750122070312,713.5750122070312,1029285,231.64999389648438,231.64999389648438,226.11000061035156,227.4499969482422,227.4499969482422,658122
2026-06-24 12:45:00-04:00,713.5700073242188,714.2894287109375,712.52001953125,712.780029296875,712.780029296875,1144360,227.5225067138672,227.889404296875,225.0,225.14999389648438,225.14999389648438,703833
2026-06-24 13:00:00-04:00,712.719970703125,714.0599975585938,711.1320190429688,711.3099975585938,711.3099975585938,918541,225.24920654296875,227.60000610351562,222.00999450683594,222.2100067138672,222.2100067138672,1111376
2026-06-24 13:15:00-04:00,711.3300170898438,711.9000244140625,707.8699951171875,708.030029296875,708.030029296875,1596913,222.2100067138672,223.35000610351562,216.77000427246094,217.335205078125,217.335205078125,2139359
2026-06-24 13:30:00-04:00,708.0599975585938,709.3800048828125,706.9661865234375,708.0800170898438,708.0800170898438,1639446,217.50999450683594,219.9398956298828,215.88499450683594,217.38999938964844,217.38999938964844,1807436
2026-06-24 13:45:00-04:00,708.0399780273438,709.280029296875,707.0,707.4600219726562,707.4600219726562,1277031,217.2200927734375,220.39999389648438,216.11000061035156,216.84060668945312,216.84060668945312,952073
2026-06-24 14:00:00-04:00,707.47998046875,709.239990234375,707.219970703125,708.7100219726562,708.7100219726562,1106731,216.85000610351562,219.0,216.11000061035156,218.0,218.0,799898
2026-06-24 14:15:00-04:00,708.7100830078125,711.642822265625,708.7000122070312,711.0900268554688,711.0900268554688,1236767,217.94000244140625,224.35000610351562,217.87841796875,223.47000122070312,223.47000122070312,1149403
2026-06-24 14:30:00-04:00,711.1400146484375,711.469970703125,708.3165283203125,708.9299926757812,708.9299926757812,1144057,223.5800018310547,224.1999969482422,218.05999755859375,219.99989318847656,219.99989318847656,944331
2026-06-24 14:45:00-04:00,708.9099731445312,708.9099731445312,705.9299926757812,706.4398803710938,706.4398803710938,1514048,219.80999755859375,219.80999755859375,215.00999450683594,215.74000549316406,215.74000549316406,1634334
2026-06-24 15:00:00-04:00,706.4299926757812,708.0700073242188,704.4500122070312,705.5349731445312,705.5349731445312,2010055,215.75,219.24989318847656,211.1300048828125,213.02499389648438,213.02499389648438,2170945
2026-06-24 15:15:00-04:00,705.5549926757812,707.5800170898438,704.9400024414062,707.3223266601562,707.3223266601562,1349798,213.02499389648438,218.80999755859375,211.860107421875,218.13999938964844,218.13999938964844,1093115
2026-06-24 15:30:00-04:00,707.3400268554688,708.8350219726562,706.75,707.4749755859375,707.4749755859375,1729185,218.10000610351562,222.27999877929688,217.77000427246094,219.3000030517578,219.3000030517578,1945258
2026-06-24 15:45:00-04:00,707.5,710.9600219726562,707.1500244140625,710.6300048828125,710.6300048828125,3853595,219.36500549316406,230.0,218.110107421875,229.5919952392578,229.5919952392578,3528133
2026-06-25 09:30:00-04:00,725.9099731445312,726.760009765625,716.0800170898438,716.5499877929688,716.5499877929688,5796104,268.04998779296875,268.3999938964844,248.31809997558594,249.36000061035156,249.36000061035156,10948488
2026-06-25 09:45:00-04:00,716.52001953125,717.7100219726562,705.2999877929688,705.760009765625,705.760009765625,5894855,249.2949981689453,251.8000030517578,225.7440948486328,226.25,226.25,7287498
2026-06-25 10:00:00-04:00,705.8400268554688,714.869873046875,705.6199951171875,711.3900146484375,711.3900146484375,4699019,226.4600067138672,245.39999389648438,226.22000122070312,237.07000732421875,237.07000732421875,5519161
2026-06-25 10:15:00-04:00,711.4299926757812,714.6500244140625,709.6799926757812,712.3099975585938,712.3099975585938,2331737,237.24000549316406,244.0,234.10000610351562,239.05999755859375,239.05999755859375,2795707
2026-06-25 10:30:00-04:00,712.2899780273438,715.3699951171875,711.77001953125,712.739990234375,712.739990234375,1799560,239.1300048828125,245.9600067138672,238.63999938964844,240.94000244140625,240.94000244140625,2589334
2026-06-25 10:45:00-04:00,712.6699829101562,716.77001953125,711.6799926757812,713.4299926757812,713.4299926757812,1596149,241.18170166015625,248.8699951171875,239.16000366210938,245.25,245.25,2128396
2026-06-25 11:00:00-04:00,713.469970703125,716.0700073242188,710.5,710.9400024414062,710.9400024414062,1746414,245.3000030517578,249.5,240.66000366210938,241.4600067138672,241.4600067138672,1417986
2026-06-25 11:15:00-04:00,711.030029296875,714.1898803710938,709.239990234375,712.9199829101562,712.9199829101562,1742197,241.6699981689453,247.25999450683594,238.94000244140625,243.75999450683594,243.75999450683594,1233479
2026-06-25 11:30:00-04:00,713.0449829101562,715.0399780273438,712.780029296875,714.9149780273438,714.9149780273438,800351,244.1199951171875,247.7458953857422,243.80250549316406,247.5850067138672,247.5850067138672,671622
2026-06-25 11:45:00-04:00,714.875,716.469970703125,713.8900146484375,714.0499877929688,714.0499877929688,933038,247.75,249.7899932861328,246.07139587402344,246.6999969482422,246.6999969482422,939331
2026-06-25 12:00:00-04:00,714.0499877929688,718.47998046875,713.7000122070312,718.0499877929688,718.0499877929688,1164368,246.6750030517578,258.5,246.13999938964844,257.5299987792969,257.5299987792969,1829465
2026-06-25 12:15:00-04:00,718.0800170898438,719.1099853515625,715.8499755859375,716.5700073242188,716.5700073242188,1116314,257.4549865722656,259.8399963378906,254.3101043701172,256.9100036621094,256.9100036621094,1799028
2026-06-25 12:30:00-04:00,716.5650024414062,716.6400146484375,713.5499877929688,713.8499755859375,713.8499755859375,884108,256.88800048828125,257.05499267578125,250.0399932861328,250.49319458007812,250.49319458007812,1029029
2026-06-25 12:45:00-04:00,713.8400268554688,715.4384765625,712.2999877929688,714.6199951171875,714.6199951171875,1219646,250.60000610351562,254.25999450683594,247.2899932861328,252.29989624023438,252.29989624023438,1109209
2026-06-25 13:00:00-04:00,714.6035766601562,716.9149780273438,714.3900146484375,716.239990234375,716.239990234375,1152341,252.3000030517578,257.4999084472656,252.10000610351562,256.0899963378906,256.0899963378906,722617
2026-06-25 13:15:00-04:00,716.2899780273438,717.6799926757812,714.4100952148438,716.5867919921875,716.5867919921875,757644,256.20001220703125,258.6300048828125,253.0034942626953,257.05499267578125,257.05499267578125,810926
2026-06-25 13:30:00-04:00,716.6799926757812,717.3699951171875,715.5599975585938,715.8900146484375,715.8900146484375,851555,257.2200012207031,258.0799865722656,255.25750732421875,256.29998779296875,256.29998779296875,522847
2026-06-25 13:45:00-04:00,715.9099731445312,717.489990234375,714.6300048828125,717.3411865234375,717.3411865234375,873777,256.32000732421875,258.8999938964844,254.1999969482422,258.6600036621094,258.6600036621094,702473
2026-06-25 14:00:00-04:00,717.3099975585938,717.7899780273438,714.5800170898438,716.7899780273438,716.7899780273438,1369937,258.614990234375,258.7952880859375,254.31399536132812,256.6099853515625,256.6099853515625,760065
2026-06-25 14:15:00-04:00,716.7999877929688,719.5900268554688,716.1400146484375,719.27001953125,719.27001953125,1139627,256.6400146484375,258.0,254.6750030517578,256.6199035644531,256.6199035644531,558291
2026-06-25 14:30:00-04:00,719.260009765625,719.260009765625,715.989990234375,717.1599731445312,717.1599731445312,940621,256.3299865722656,256.3299865722656,250.10000610351562,253.55999755859375,253.55999755859375,943917
2026-06-25 14:45:00-04:00,717.094970703125,717.62939453125,715.0700073242188,716.6199951171875,716.6199951171875,865485,253.24000549316406,253.91000366210938,249.5200958251953,252.60000610351562,252.60000610351562,684647
2026-06-25 15:00:00-04:00,716.7999877929688,716.7999877929688,714.0599975585938,714.3200073242188,714.3200073242188,968020,252.6699981689453,252.89999389648438,247.24000549316406,248.39999389648438,248.39999389648438,919067
2026-06-25 15:15:00-04:00,714.27001953125,714.97998046875,713.2100219726562,714.5800170898438,714.5800170898438,1265168,248.22999572753906,250.92999267578125,245.11000061035156,250.24969482421875,250.24969482421875,876551
2026-06-25 15:30:00-04:00,714.5499877929688,714.698974609375,713.0999755859375,714.3980102539062,714.3980102539062,1124442,250.08999633789062,250.8000030517578,246.75,250.26370239257812,250.26370239257812,1382911
2026-06-25 15:45:00-04:00,714.3099975585938,716.3599853515625,712.9600219726562,716.260009765625,716.260009765625,2805139,250.0,253.6999969482422,246.39999389648438,253.55999755859375,253.55999755859375,4244864
2026-06-26 09:30:00-04:00,707.0900268554688,707.3800048828125,702.8099975585938,706.7100219726562,706.7100219726562,4970628,226.24000549316406,226.27999877929688,214.41009521484375,218.9199981689453,218.9199981689453,10808565
2026-06-26 09:45:00-04:00,706.72998046875,709.6500244140625,704.2000122070312,709.1199951171875,709.1199951171875,2121960,219.02999877929688,226.0,215.2310028076172,224.99000549316406,224.99000549316406,3151354
2026-06-26 10:00:00-04:00,709.1400146484375,712.9400024414062,708.6199951171875,712.5900268554688,712.5900268554688,2339503,225.0,231.25,223.281005859375,227.83999633789062,227.83999633789062,3333821
2026-06-26 10:15:00-04:00,712.5499877929688,714.3300170898438,710.9600219726562,712.7199096679688,712.7199096679688,2119740,228.0,229.8000030517578,223.26119995117188,225.80999755859375,225.80999755859375,1687929
2026-06-26 10:30:00-04:00,712.6900024414062,713.25,709.3699951171875,710.20458984375,710.20458984375,1523515,225.47000122070312,226.6199951171875,217.9949951171875,218.74000549316406,218.74000549316406,2548693
2026-06-26 10:45:00-04:00,710.2650146484375,712.3499145507812,709.6599731445312,710.5001220703125,710.5001220703125,976724,218.75,223.88999938964844,218.0,219.13499450683594,219.13499450683594,1532427
2026-06-26 11:00:00-04:00,710.5599975585938,711.6400146484375,708.9149780273438,709.0599975585938,709.0599975585938,753673,219.27000427246094,220.3000030517578,214.52000427246094,214.5200958251953,214.5200958251953,2621361
2026-06-26 11:15:00-04:00,709.0700073242188,712.5599975585938,708.219970703125,712.510009765625,712.510009765625,1082223,214.52499389648438,220.0,213.17999267578125,219.8784942626953,219.8784942626953,1760129
2026-06-26 11:30:00-04:00,712.5200805664062,715.5499877929688,711.9738159179688,715.0900268554688,715.0900268554688,1191156,219.82000732421875,225.5800018310547,218.58509826660156,224.37530517578125,224.37530517578125,1541783
2026-06-26 11:45:00-04:00,715.0700073242188,715.27001953125,711.1099853515625,713.2100219726562,713.2100219726562,1314297,224.44000244140625,224.8300018310547,216.86000061035156,220.81500244140625,220.81500244140625,1272943
2026-06-26 12:00:00-04:00,713.25,713.3599853515625,710.8800048828125,711.719970703125,711.719970703125,694053,220.97999572753906,221.02000427246094,217.56069946289062,218.81500244140625,218.81500244140625,649767
2026-06-26 12:15:00-04:00,711.7100219726562,712.4089965820312,710.27001953125,711.8499755859375,711.8499755859375,738536,218.62010192871094,221.1999969482422,216.52999877929688,220.75,220.75,762062
2026-06-26 12:30:00-04:00,711.9000244140625,713.798095703125,711.8200073242188,712.6799926757812,712.6799926757812,728930,220.80569458007812,223.66810607910156,220.27000427246094,222.47000122070312,222.47000122070312,663536
2026-06-26 12:45:00-04:00,712.739990234375,713.8400268554688,712.4559936523438,713.0449829101562,713.0449829101562,638316,222.49000549316406,224.27999877929688,221.50999450683594,222.44000244140625,222.44000244140625,506844
2026-06-26 13:00:00-04:00,713.0700073242188,715.169921875,712.6849975585938,713.9600219726562,713.9600219726562,760386,222.393798828125,227.0500030517578,222.0,225.89999389648438,225.89999389648438,903819
2026-06-26 13:15:00-04:00,714.0399169921875,714.0900268554688,712.2000732421875,713.614990234375,713.614990234375,655840,225.89999389648438,225.89999389648438,221.3699951171875,224.3292999267578,224.3292999267578,674044
2026-06-26 13:30:00-04:00,713.5700073242188,714.5900268554688,711.7863159179688,712.7218017578125,712.7218017578125,681133,224.5500030517578,226.1999969482422,220.8000030517578,221.8350067138672,221.8350067138672,599656
2026-06-26 13:45:00-04:00,712.719970703125,713.0698852539062,711.22998046875,711.3900146484375,711.3900146484375,574915,221.82000732421875,222.51840209960938,219.3800048828125,219.5,219.5,526946
2026-06-26 14:00:00-04:00,711.469970703125,712.3300170898438,711.010009765625,711.3049926757812,711.3049926757812,534033,219.69000244140625,220.8428955078125,217.91000366210938,218.25999450683594,218.25999450683594,662543
2026-06-26 14:15:00-04:00,711.2899780273438,711.6099853515625,709.3400268554688,709.489990234375,709.489990234375,2024762,218.22999572753906,218.61000061035156,215.5500030517578,216.0,216.0,1036903
2026-06-26 14:30:00-04:00,709.47998046875,710.6199951171875,709.2899780273438,709.7999877929688,709.7999877929688,708885,216.09500122070312,218.0198974609375,215.2100067138672,216.731201171875,216.731201171875,630271
2026-06-26 14:45:00-04:00,709.7100219726562,709.7100219726562,707.7100219726562,708.3699951171875,708.3699951171875,2746007,216.6999969482422,216.6999969482422,213.36000061035156,214.9499053955078,214.9499053955078,1272712
2026-06-26 15:00:00-04:00,708.4299926757812,710.5,707.8699951171875,710.4600830078125,710.4600830078125,1462599,214.85000610351562,219.16000366210938,213.5,218.67999267578125,218.67999267578125,1025626
2026-06-26 15:15:00-04:00,710.405029296875,710.4600219726562,708.530029296875,709.239990234375,709.239990234375,2192411,218.6300048828125,218.88999938964844,215.07000732421875,217.2949981689453,217.2949981689453,696287
2026-06-26 15:30:00-04:00,709.260009765625,711.489990234375,708.6799926757812,711.2999877929688,711.2999877929688,1284142,217.36000061035156,222.0,215.89999389648438,221.58999633789062,221.58999633789062,1616735
2026-06-26 15:45:00-04:00,711.3099975585938,712.010009765625,705.2100219726562,705.5399780273438,705.5399780273438,3729497,221.60000610351562,222.3498992919922,212.10000610351562,215.00999450683594,215.00999450683594,5650026
2026-06-29 09:30:00-04:00,713.989990234375,717.53369140625,711.8800048828125,717.2899780273438,717.2899780273438,4660460,216.36000061035156,222.0,213.30999755859375,219.0500030517578,219.0500030517578,7519425
2026-06-29 09:45:00-04:00,717.2899780273438,718.6599731445312,712.47998046875,713.389892578125,713.389892578125,2405790,219.0500030517578,220.0,208.0,208.85000610351562,208.85000610351562,3033759
2026-06-29 10:00:00-04:00,713.5599975585938,713.72998046875,706.4600830078125,706.5399780273438,706.5399780273438,2872520,208.79249572753906,209.14169311523438,195.22000122070312,195.22500610351562,195.22500610351562,4747221
2026-06-29 10:15:00-04:00,706.469970703125,711.969970703125,705.1719970703125,711.8400268554688,711.8400268554688,3092432,195.22000122070312,206.99000549316406,192.3000030517578,206.63613891601562,206.63613891601562,4225030
2026-06-29 10:30:00-04:00,711.8599853515625,714.3800048828125,711.4099731445312,712.6500244140625,712.6500244140625,1746051,206.77999877929688,211.9499969482422,206.0200958251953,208.40989685058594,208.40989685058594,2631737
2026-06-29 10:45:00-04:00,712.5,715.9600219726562,710.6500244140625,715.9000244140625,715.9000244140625,1403726,208.0399932861328,217.85000610351562,203.9001007080078,217.77000427246094,217.77000427246094,2465996
2026-06-29 11:00:00-04:00,715.9299926757812,716.3099975585938,714.7100219726562,716.0900268554688,716.0900268554688,1330172,217.85000610351562,219.86900329589844,216.3699951171875,219.77999877929688,219.77999877929688,1659119
2026-06-29 11:15:00-04:00,716.1799926757812,717.3200073242188,714.5599975585938,717.22998046875,717.22998046875,1126520,219.71730041503906,221.62989807128906,216.5,221.34779357910156,221.34779357910156,1496909
2026-06-29 11:30:00-04:00,717.239990234375,718.5499877929688,716.4099731445312,718.469970703125,718.469970703125,1386275,221.38999938964844,225.27000427246094,221.38999938964844,225.1649932861328,225.1649932861328,1659487
2026-06-29 11:45:00-04:00,718.4500122070312,719.0599975585938,717.4500122070312,718.948974609375,718.948974609375,955742,225.08999633789062,226.8800048828125,223.9499969482422,226.5850067138672,226.5850067138672,1242714
2026-06-29 12:00:00-04:00,718.9199829101562,719.8499755859375,718.780029296875,719.1500244140625,719.1500244140625,1587391,226.7100067138672,229.89999389648438,226.67100524902344,229.57000732421875,229.57000732421875,1431149
2026-06-29 12:15:00-04:00,719.0999755859375,720.530029296875,719.0999755859375,719.5985717773438,719.5985717773438,819945,229.4600067138672,232.11000061035156,229.4499969482422,229.74009704589844,229.74009704589844,1402911
2026-06-29 12:30:00-04:00,719.6400146484375,720.5800170898438,718.9349975585938,720.510009765625,720.510009765625,721346,229.89999389648438,233.11000061035156,227.8000946044922,233.08349609375,233.08349609375,1185556
2026-06-29 12:45:00-04:00,720.489990234375,721.1199951171875,720.1799926757812,720.7088012695312,720.7088012695312,594656,232.97999572753906,233.61990356445312,231.6300048828125,232.69000244140625,232.69000244140625,773515
2026-06-29 13:00:00-04:00,720.7100219726562,722.72998046875,720.6699829101562,722.40478515625,722.40478515625,805407,232.72999572753906,235.8699951171875,232.58009338378906,235.52000427246094,235.52000427246094,928320
2026-06-29 13:15:00-04:00,722.4299926757812,723.0469970703125,721.469970703125,723.0,723.0,904649,235.5998992919922,235.8800048828125,232.0,235.72000122070312,235.72000122070312,1031074
2026-06-29 13:30:00-04:00,722.989990234375,723.6300048828125,722.4099731445312,722.8900146484375,722.8900146484375,707950,235.71499633789062,236.66000366210938,233.58009338378906,235.5,235.5,677415
2026-06-29 13:45:00-04:00,722.8800048828125,723.4400024414062,722.5200805664062,722.8201293945312,722.8201293945312,651845,235.4600067138672,236.9199981689453,234.9550018310547,235.63999938964844,235.63999938964844,635844
2026-06-29 14:00:00-04:00,722.8394775390625,723.3200073242188,722.5800170898438,723.260009765625,723.260009765625,636560,235.72000122070312,237.16000366210938,235.41490173339844,236.77999877929688,236.77999877929688,553264
2026-06-29 14:15:00-04:00,723.25,723.3300170898438,722.4299926757812,722.53369140625,722.53369140625,531768,236.72999572753906,237.49000549316406,235.16000366210938,235.41000366210938,235.41000366210938,649929
2026-06-29 14:30:00-04:00,722.5999755859375,724.1162719726562,722.47998046875,724.0599975585938,724.0599975585938,949288,235.49000549316406,238.0,234.75,237.88999938964844,237.88999938964844,679544
2026-06-29 14:45:00-04:00,724.0599975585938,724.4199829101562,723.3699951171875,723.489990234375,723.489990234375,858470,237.94679260253906,238.65330505371094,235.835693359375,236.25,236.25,589501
2026-06-29 15:00:00-04:00,723.530029296875,723.8499755859375,722.75,723.1505126953125,723.1505126953125,1201507,236.3300018310547,236.87989807128906,232.91009521484375,234.2550048828125,234.2550048828125,1002743
2026-06-29 15:15:00-04:00,723.1400146484375,724.25,723.0,723.4299926757812,723.4299926757812,1442381,234.2550048828125,237.0,233.77049255371094,235.74000549316406,235.74000549316406,658201
2026-06-29 15:30:00-04:00,723.4600219726562,724.0098876953125,722.97998046875,723.3699951171875,723.3699951171875,959016,235.8300018310547,235.97000122070312,233.75399780273438,234.9600067138672,234.9600067138672,1326143
2026-06-29 15:45:00-04:00,723.3499755859375,724.5800170898438,722.239990234375,724.030029296875,724.030029296875,5932613,234.8800048828125,237.3925018310547,231.8000030517578,236.52999877929688,236.52999877929688,2993159
2026-06-30 09:30:00-04:00,724.1699829101562,729.4400024414062,723.9199829101562,728.260009765625,728.260009765625,4281094,241.4499969482422,252.6300048828125,240.58999633789062,250.9611053466797,250.9611053466797,7516743
2026-06-30 09:45:00-04:00,728.1900024414062,731.905029296875,727.77001953125,731.8701171875,731.8701171875,2014413,250.70010375976562,257.70001220703125,248.85000610351562,257.6899108886719,257.6899108886719,3029039
2026-06-30 10:00:00-04:00,731.8701171875,732.5900268554688,729.72998046875,731.5999755859375,731.5999755859375,2222595,257.6300048828125,259.95001220703125,254.0,259.8699951171875,259.8699951171875,2496932
2026-06-30 10:15:00-04:00,731.5900268554688,733.3099975585938,731.1599731445312,732.9884033203125,732.9884033203125,1299603,259.8699951171875,263.4989929199219,258.70001220703125,262.8500061035156,262.8500061035156,2253348
2026-06-30 10:30:00-04:00,733.030029296875,733.7750244140625,732.0499877929688,733.0700073242188,733.0700073242188,1260297,262.9100036621094,263.8800048828125,259.30999755859375,261.69000244140625,261.69000244140625,1696632
2026-06-30 10:45:00-04:00,733.0399780273438,733.0399780273438,729.9400024414062,730.469970703125,730.469970703125,991162,261.60101318359375,261.6400146484375,257.3900146484375,258.3599853515625,258.3599853515625,1205380
2026-06-30 11:00:00-04:00,730.52001953125,733.030029296875,730.3699951171875,732.8099975585938,732.8099975585938,1222271,258.3999938964844,263.5400085449219,258.29998779296875,263.3299865722656,263.3299865722656,1336981
2026-06-30 11:15:00-04:00,732.8099975585938,733.1699829101562,732.0700073242188,733.0250244140625,733.0250244140625,697853,263.30999755859375,263.625,260.1099853515625,260.57501220703125,260.57501220703125,600875
2026-06-30 11:30:00-04:00,733.0599975585938,733.5798950195312,732.5900268554688,733.1489868164062,733.1489868164062,710382,260.57501220703125,262.17999267578125,259.25,261.1000061035156,261.1000061035156,697672
2026-06-30 11:45:00-04:00,733.1599731445312,734.7197265625,733.1500244140625,734.22900390625,734.22900390625,912282,261.1000061035156,263.260009765625,260.1700134277344,261.80999755859375,261.80999755859375,687323
2026-06-30 12:00:00-04:00,734.25,735.0800170898438,734.030029296875,734.905029296875,734.905029296875,675117,261.7799987792969,263.55999755859375,261.340087890625,263.0799865722656,263.0799865722656,564415
2026-06-30 12:15:00-04:00,734.9199829101562,735.3897705078125,734.760009765625,735.0349731445312,735.0349731445312,637746,263.1499938964844,263.95001220703125,262.6499938964844,262.75,262.75,541489
2026-06-30 12:30:00-04:00,735.0390014648438,735.469970703125,734.6400146484375,735.4299926757812,735.4299926757812,529845,262.7554016113281,263.15771484375,261.6400146484375,262.6499938964844,262.6499938964844,419106
2026-06-30 12:45:00-04:00,735.4500122070312,736.3499755859375,735.380126953125,735.8200073242188,735.8200073242188,573758,262.6199951171875,263.8900146484375,262.4599914550781,263.0899963378906,263.0899963378906,414042
2026-06-30 13:00:00-04:00,735.8300170898438,736.6799926757812,735.7899780273438,736.02001953125,736.02001953125,670638,263.0,265.5,263.0,264.5899963378906,264.5899963378906,1079849
2026-06-30 13:15:00-04:00,736.0399169921875,736.47998046875,735.77001953125,735.8800048828125,735.8800048828125,468773,264.5,265.69989013671875,264.0299987792969,265.2897033691406,265.2897033691406,485791
2026-06-30 13:30:00-04:00,735.9400024414062,736.27001953125,735.5704956054688,736.22998046875,736.22998046875,510913,265.45001220703125,266.9700012207031,265.0,266.8999938964844,266.8999938964844,588283
2026-06-30 13:45:00-04:00,736.239990234375,736.27001953125,735.5800170898438,735.780029296875,735.780029296875,1589822,266.8800048828125,266.95001220703125,265.1499938964844,265.6888122558594,265.6888122558594,476888
2026-06-30 14:00:00-04:00,735.8099975585938,736.1500244140625,735.1749877929688,735.8099975585938,735.8099975585938,492506,265.69000244140625,266.20001220703125,264.1300048828125,265.3999938964844,265.3999938964844,420081
2026-06-30 14:15:00-04:00,735.780029296875,736.3599853515625,735.6699829101562,735.97998046875,735.97998046875,515359,265.2755126953125,266.3299865722656,264.92999267578125,266.3299865722656,266.3299865722656,299216
2026-06-30 14:30:00-04:00,736.010009765625,736.5599975585938,735.760009765625,736.510009765625,736.510009765625,859066,266.2550048828125,269.3500061035156,266.1000061035156,269.2099914550781,269.2099914550781,1215246
2026-06-30 14:45:00-04:00,736.510009765625,736.9874877929688,736.22998046875,736.489990234375,736.489990234375,1030212,269.2099914550781,270.70001220703125,268.6400146484375,268.69000244140625,268.69000244140625,1338651
2026-06-30 15:00:00-04:00,736.47998046875,737.4299926757812,736.4500122070312,737.3900146484375,737.3900146484375,1657020,268.7099914550781,270.9800109863281,268.20001220703125,270.0754089355469,270.0754089355469,1000712
2026-06-30 15:15:00-04:00,737.3800048828125,737.6199951171875,736.853515625,737.0499877929688,737.0499877929688,1382035,270.18499755859375,270.5899963378906,269.10009765625,269.3800048828125,269.3800048828125,718354
2026-06-30 15:30:00-04:00,737.0499877929688,737.2396850585938,736.4299926757812,737.1599731445312,737.1599731445312,4057330,269.260009765625,270.1499938964844,267.8699951171875,270.0150146484375,270.0150146484375,1376634
2026-06-30 15:45:00-04:00,737.1500244140625,737.6199951171875,735.760009765625,735.760009765625,735.760009765625,5775314,270.01251220703125,272.0,266.6700134277344,266.9202880859375,266.9202880859375,2464491
2026-07-01 09:30:00-04:00,729.1599731445312,729.7000122070312,725.52001953125,726.9105224609375,726.9105224609375,6111850,237.78500366210938,242.0198974609375,230.05999755859375,235.6300048828125,235.6300048828125,12210713
2026-07-01 09:45:00-04:00,726.7050170898438,730.239990234375,726.2000122070312,730.1699829101562,730.1699829101562,2166951,235.72000122070312,246.47000122070312,234.0,242.22000122070312,242.22000122070312,3841671
2026-07-01 10:00:00-04:00,730.239990234375,731.2899780273438,729.3049926757812,730.3200073242188,730.3200073242188,1490844,242.5,244.72999572753906,239.41000366210938,240.4600067138672,240.4600067138672,2106376
2026-07-01 10:15:00-04:00,730.3499755859375,730.9400024414062,729.4450073242188,730.280029296875,730.280029296875,1020928,240.52499389648438,241.27000427246094,236.0,237.66000366210938,237.66000366210938,1850186
2026-07-01 10:30:00-04:00,730.239990234375,730.3499755859375,728.280029296875,728.280029296875,728.280029296875,1558609,237.47000122070312,237.72999572753906,228.2100067138672,228.30999755859375,228.30999755859375,3408569
2026-07-01 10:45:00-04:00,728.239990234375,729.2100219726562,726.6785278320312,728.030029296875,728.030029296875,1318913,228.3800048828125,229.6999969482422,224.02000427246094,226.64999389648438,226.64999389648438,3666803
2026-07-01 11:00:00-04:00,728.030029296875,729.9299926757812,727.8900146484375,729.72998046875,729.72998046875,821357,226.72000122070312,232.4499969482422,225.11000061035156,229.2899932861328,229.2899932861328,2171231
2026-07-01 11:15:00-04:00,729.77001953125,731.75,729.77001953125,731.62158203125,731.62158203125,1180383,229.0500946044922,233.0,227.61000061035156,231.14500427246094,231.14500427246094,1536239
2026-07-01 11:30:00-04:00,731.6099853515625,731.9099731445312,730.0515747070312,730.3499755859375,730.3499755859375,1178296,231.0,232.99000549316406,229.33009338378906,230.28500366210938,230.28500366210938,1003828
2026-07-01 11:45:00-04:00,730.3300170898438,730.47998046875,728.7999877929688,729.5399780273438,729.5399780273438,1460450,230.1300048828125,230.2899932861328,225.1300048828125,226.1750030517578,226.1750030517578,1330225
2026-07-01 12:00:00-04:00,729.5,730.0,728.7000122070312,729.1699829101562,729.1699829101562,790865,226.11500549316406,227.98939514160156,225.44000244140625,226.3300018310547,226.3300018310547,922817
2026-07-01 12:15:00-04:00,729.1199951171875,730.1699829101562,728.5800170898438,729.22998046875,729.22998046875,681170,226.24000549316406,230.5,225.3800048828125,227.7301025390625,227.7301025390625,1076101
2026-07-01 12:30:00-04:00,729.2249755859375,729.6500244140625,728.1837158203125,728.7000122070312,728.7000122070312,612883,227.67999267578125,229.25999450683594,225.00999450683594,225.85000610351562,225.85000610351562,919309
2026-07-01 12:45:00-04:00,728.6837158203125,729.1099853515625,727.530029296875,727.9000244140625,727.9000244140625,1637990,225.8800048828125,226.8699951171875,223.4600067138672,225.1219024658203,225.1219024658203,1468290
2026-07-01 13:00:00-04:00,727.9000244140625,728.5460205078125,727.0,728.0700073242188,728.0700073242188,979620,225.06500244140625,226.99000549316406,222.10000610351562,223.09500122070312,223.09500122070312,1283270
2026-07-01 13:15:00-04:00,728.0700073242188,729.1199951171875,727.8900146484375,728.3300170898438,728.3300170898438,818712,223.08999633789062,225.36000061035156,222.97000122070312,223.5800018310547,223.5800018310547,821771
2026-07-01 13:30:00-04:00,728.3499755859375,728.6599731445312,727.75,727.8300170898438,727.8300170898438,365575,223.60000610351562,224.27000427246094,222.0,222.30999755859375,222.30999755859375,807670
2026-07-01 13:45:00-04:00,727.8699951171875,728.27001953125,727.094970703125,727.1900024414062,727.1900024414062,704159,222.2899932861328,223.03500366210938,220.30999755859375,220.50999450683594,220.50999450683594,1049643
2026-07-01 14:00:00-04:00,727.2249755859375,727.8699951171875,726.97998046875,727.0700073242188,727.0700073242188,434303,220.52999877929688,221.60000610351562,220.1999969482422,220.2949981689453,220.2949981689453,721966
2026-07-01 14:15:00-04:00,727.02001953125,727.6599731445312,726.6099853515625,727.1199951171875,727.1199951171875,483443,220.24200439453125,221.5500030517578,219.10000610351562,220.02999877929688,220.02999877929688,1268551
2026-07-01 14:30:00-04:00,727.0900268554688,727.489990234375,726.510986328125,726.77001953125,726.77001953125,876699,219.94000244140625,220.60000610351562,217.63999938964844,218.3699951171875,218.3699951171875,1073901
2026-07-01 14:45:00-04:00,726.75,726.760009765625,725.6525268554688,726.4600219726562,726.4600219726562,1278704,218.52999877929688,218.52999877929688,215.38070678710938,218.40679931640625,218.40679931640625,1161853
2026-07-01 15:00:00-04:00,726.4500122070312,728.489990234375,726.364990234375,727.8057861328125,727.8057861328125,1047002,218.42990112304688,226.26429748535156,217.72000122070312,223.47999572753906,223.47999572753906,2286283
2026-07-01 15:15:00-04:00,727.780029296875,728.3699951171875,727.3646850585938,727.9091186523438,727.9091186523438,1089987,223.4600067138672,226.25,221.5399932861328,225.4700927734375,225.4700927734375,1620496
2026-07-01 15:30:00-04:00,727.905029296875,728.9199829101562,726.5700073242188,726.739990234375,726.739990234375,1321601,225.58749389648438,230.10000610351562,220.47999572753906,221.05999755859375,221.05999755859375,3094440
2026-07-01 15:45:00-04:00,726.75,727.1799926757812,724.5999755859375,725.1300048828125,725.1300048828125,5165680,221.02000427246094,223.24989318847656,216.1300048828125,217.57000732421875,217.57000732421875,4041662
2026-07-02 09:30:00-04:00,725.5800170898438,728.22998046875,723.8800048828125,726.7899780273438,726.7899780273438,4993808,219.22999572753906,219.70249938964844,210.6199951171875,216.47999572753906,216.47999572753906,16138922
2026-07-02 09:45:00-04:00,726.739990234375,730.0,726.2100219726562,729.9000244140625,729.9000244140625,1492590,216.11000061035156,224.22000122070312,215.25,223.14500427246094,223.14500427246094,2868581
2026-07-02 10:00:00-04:00,729.969970703125,730.8200073242188,726.9199829101562,728.875,728.875,1517340,223.5,226.1300048828125,217.11000061035156,220.14999389648438,220.14999389648438,2443809
2026-07-02 10:15:00-04:00,728.885009765625,729.1199951171875,721.52001953125,722.1699829101562,722.1699829101562,2511269,220.25250244140625,220.67999267578125,203.42010498046875,204.0850067138672,204.0850067138672,3910389
2026-07-02 10:30:00-04:00,722.1799926757812,723.8300170898438,718.2999877929688,719.0700073242188,719.0700073242188,2867398,204.1699981689453,206.25,195.14999389648438,196.07000732421875,196.07000732421875,5402615
2026-07-02 10:45:00-04:00,719.0900268554688,720.4749755859375,717.2100219726562,719.8150024414062,719.8150024414062,2173207,196.1300048828125,199.1999969482422,193.5,197.8800048828125,197.8800048828125,3784575
2026-07-02 11:00:00-04:00,719.844970703125,720.0900268554688,714.739990234375,716.8900146484375,716.8900146484375,2091207,197.9499969482422,198.19000244140625,189.6999969482422,190.65499877929688,190.65499877929688,4205384
2026-07-02 11:15:00-04:00,716.8599853515625,717.5399780273438,714.28271484375,715.8099975585938,715.8099975585938,1549760,190.65499877929688,193.22000122070312,186.27999877929688,189.75999450683594,189.75999450683594,3789253
2026-07-02 11:30:00-04:00,715.760009765625,719.2999877929688,715.6900024414062,716.8200073242188,716.8200073242188,1954586,189.89999389648438,197.27000427246094,189.77000427246094,191.02000427246094,191.02000427246094,2919924
2026-07-02 11:45:00-04:00,716.7000122070312,717.5800170898438,714.9099731445312,715.814697265625,715.814697265625,996691,190.6999969482422,192.6199951171875,187.8300018310547,189.86000061035156,189.86000061035156,1814064
2026-07-02 12:00:00-04:00,715.9199829101562,716.1578979492188,713.7000122070312,715.2080078125,715.2080078125,1721653,189.8249969482422,189.99000549316406,185.2899932861328,187.61000061035156,187.61000061035156,2182465
2026-07-02 12:15:00-04:00,715.1950073242188,715.27001953125,712.7659301757812,713.010009765625,713.010009765625,1391604,187.69000244140625,188.35989379882812,181.0,181.47000122070312,181.47000122070312,3014606
2026-07-02 12:30:00-04:00,713.02001953125,713.1199951171875,710.5399780273438,712.6019897460938,712.6019897460938,2104686,181.55999755859375,182.60000610351562,177.77000427246094,182.1696014404297,182.1696014404297,3672910
2026-07-02 12:45:00-04:00,712.5999755859375,712.6987915039062,710.1199951171875,710.7849731445312,710.7849731445312,1123223,182.08999633789062,182.41000366210938,175.4199981689453,177.3300018310547,177.3300018310547,2431863
2026-07-02 13:00:00-04:00,710.8200073242188,711.2440185546875,708.989990234375,710.5800170898438,710.5800170898438,1305878,177.25999450683594,179.61990356445312,175.30999755859375,176.24000549316406,176.24000549316406,1904677
2026-07-02 13:15:00-04:00,710.5499877929688,711.2899780273438,709.830078125,710.4000244140625,710.4000244140625,1109357,176.16000366210938,178.17999267578125,175.36000061035156,175.9499969482422,175.9499969482422,1583564
2026-07-02 13:30:00-04:00,710.3900146484375,711.0797729492188,708.3200073242188,709.4500122070312,709.4500122070312,1167428,175.77000427246094,177.1199951171875,173.02000427246094,174.4499969482422,174.4499969482422,2250431
2026-07-02 13:45:00-04:00,709.3800048828125,709.530029296875,707.5599975585938,707.7899780273438,707.7899780273438,1397789,174.32000732421875,174.69000244140625,170.8000030517578,171.28750610351562,171.28750610351562,1964451
2026-07-02 14:00:00-04:00,707.8499755859375,711.8200073242188,707.6300048828125,710.7681884765625,710.7681884765625,1367534,171.3800048828125,179.0,171.02999877929688,175.8300018310547,175.8300018310547,2274741
2026-07-02 14:15:00-04:00,710.77001953125,711.4500122070312,709.5900268554688,711.4299926757812,711.4299926757812,978194,175.89999389648438,177.77000427246094,173.6999969482422,177.38999938964844,177.38999938964844,1627464
2026-07-02 14:30:00-04:00,711.4400024414062,712.3300170898438,710.8699951171875,711.2901000976562,711.2901000976562,818460,177.3300018310547,179.44000244140625,175.3699951171875,176.22999572753906,176.22999572753906,1881201
2026-07-02 14:45:00-04:00,711.280029296875,712.405029296875,710.280029296875,711.5,711.5,1070165,176.1300048828125,179.22000122070312,173.4600067138672,177.66000366210938,177.66000366210938,1764869
2026-07-02 15:00:00-04:00,711.5,711.8400268554688,708.8800048828125,709.5999755859375,709.5999755859375,1152927,177.6300048828125,178.5,170.5399932861328,172.96499633789062,172.96499633789062,1863688
2026-07-02 15:15:00-04:00,709.5700073242188,710.405029296875,708.0700073242188,709.8499755859375,709.8499755859375,1324480,172.8699951171875,175.0,168.8800048828125,173.5850067138672,173.5850067138672,2833658
2026-07-02 15:30:00-04:00,709.8900146484375,711.1199951171875,709.5399780273438,710.5700073242188,710.5700073242188,1651383,173.58999633789062,177.25,173.1999969482422,174.36520385742188,174.36520385742188,4389957
2026-07-02 15:45:00-04:00,710.6300048828125,713.780029296875,710.0499877929688,712.739990234375,712.739990234375,4082650,174.5399932861328,181.93499755859375,174.14500427246094,181.0301055908203,181.0301055908203,5076264
2026-07-06 09:30:00-04:00,719.7000122070312,722.27001953125,718.47998046875,721.7999877929688,721.7999877929688,4339631,197.2100067138672,204.42999267578125,194.22000122070312,203.7550048828125,203.7550048828125,9946389
2026-07-06 09:45:00-04:00,721.75,723.989990234375,721.3040161132812,722.1799926757812,722.1799926757812,2078446,203.75,207.8000030517578,202.14010620117188,205.0,205.0,2725878
2026-07-06 10:00:00-04:00,722.27001953125,724.47998046875,721.5,724.3400268554688,724.3400268554688,1565255,205.13999938964844,209.75,204.11000061035156,209.689697265625,209.689697265625,2255397
2026-07-06 10:15:00-04:00,724.3200073242188,724.8350219726562,723.5364990234375,724.0999755859375,724.0999755859375,1217996,209.52000427246094,210.8000030517578,206.25999450683594,207.39999389648438,207.39999389648438,2244118
2026-07-06 10:30:00-04:00,724.1500244140625,725.1552734375,723.5499877929688,724.7349853515625,724.7349853515625,1118739,207.5,209.5,206.8000946044922,209.3800048828125,209.3800048828125,1199648
2026-07-06 10:45:00-04:00,724.77001953125,725.4183959960938,723.52001953125,724.4099731445312,724.4099731445312,835164,209.25999450683594,209.8300018310547,205.07000732421875,206.32000732421875,206.32000732421875,1279914
2026-07-06 11:00:00-04:00,724.5399780273438,724.8800048828125,722.8599853515625,723.4301147460938,723.4301147460938,583243,206.4199981689453,208.0,201.72999572753906,202.8594970703125,202.8594970703125,1704011
2026-07-06 11:15:00-04:00,723.3900146484375,725.3200073242188,722.4400024414062,725.2999877929688,725.2999877929688,990302,202.86000061035156,204.97000122070312,199.3699951171875,204.89999389648438,204.89999389648438,1810560
2026-07-06 11:30:00-04:00,725.25,725.6900024414062,724.610107421875,725.47998046875,725.47998046875,900889,204.82000732421875,206.0,203.87100219726562,205.22999572753906,205.22999572753906,1027877
2026-07-06 11:45:00-04:00,725.47998046875,725.8400268554688,725.02001953125,725.5399780273438,725.5399780273438,574342,205.22999572753906,205.8350067138672,203.32000732421875,204.85000610351562,204.85000610351562,756865
2026-07-06 12:00:00-04:00,725.5700073242188,726.0800170898438,725.1099853515625,725.52001953125,725.52001953125,460468,204.75,206.19000244140625,203.64999389648438,204.83999633789062,204.83999633789062,607173
2026-07-06 12:15:00-04:00,725.52001953125,725.6599731445312,724.4500122070312,724.5999755859375,724.5999755859375,391252,204.83059692382812,205.095703125,203.25,203.6800994873047,203.6800994873047,565434
2026-07-06 12:30:00-04:00,724.6400146484375,724.9000244140625,723.9199829101562,724.259521484375,724.259521484375,432224,203.67999267578125,204.54989624023438,201.5,201.89999389648438,201.89999389648438,601070
2026-07-06 12:45:00-04:00,724.2105712890625,724.7449951171875,723.4199829101562,723.5800170898438,723.5800170898438,492724,201.88999938964844,202.889892578125,200.47000122070312,200.85499572753906,200.85499572753906,597650
2026-07-06 13:00:00-04:00,723.5900268554688,724.7000122070312,723.27001953125,724.27001953125,724.27001953125,528503,200.92990112304688,202.27000427246094,199.32000732421875,200.99000549316406,200.99000549316406,702466
2026-07-06 13:15:00-04:00,724.3098754882812,724.5900268554688,722.5800170898438,722.760009765625,722.760009765625,531243,201.02000427246094,201.53990173339844,197.33999633789062,197.72000122070312,197.72000122070312,777322
2026-07-06 13:30:00-04:00,722.760009765625,722.89501953125,721.030029296875,721.5999755859375,721.5999755859375,1001220,197.83999633789062,198.1999969482422,194.60009765625,195.77000427246094,195.77000427246094,1204940
2026-07-06 13:45:00-04:00,721.5800170898438,722.3300170898438,721.0800170898438,721.3599853515625,721.3599853515625,688316,195.75,198.2899932861328,194.8800048828125,195.91000366210938,195.91000366210938,895172
2026-07-06 14:00:00-04:00,721.4600219726562,723.1199951171875,721.4000244140625,722.6500244140625,722.6500244140625,905472,196.0,199.97950744628906,195.80999755859375,198.55999755859375,198.55999755859375,809080
2026-07-06 14:15:00-04:00,722.6900024414062,723.8599853515625,722.6900024414062,723.1500244140625,723.1500244140625,490574,198.5500030517578,200.36990356445312,197.51010131835938,197.65499877929688,197.65499877929688,585097
2026-07-06 14:30:00-04:00,723.1599731445312,723.5050048828125,722.6300048828125,723.3580932617188,723.3580932617188,524369,197.63499450683594,198.58999633789062,196.38999938964844,198.3300018310547,198.3300018310547,491562
2026-07-06 14:45:00-04:00,723.364990234375,723.97998046875,723.260009765625,723.6799926757812,723.6799926757812,626592,198.35000610351562,199.41229248046875,197.12010192871094,198.1649932861328,198.1649932861328,402942
2026-07-06 15:00:00-04:00,723.6799926757812,724.5250244140625,723.4299926757812,724.2100219726562,724.2100219726562,578020,198.1699981689453,200.0,197.1699981689453,199.1750030517578,199.1750030517578,627788
2026-07-06 15:15:00-04:00,724.2000122070312,725.1900024414062,724.0399780273438,724.7899780273438,724.7899780273438,1386050,199.07369995117188,201.88999938964844,198.86000061035156,200.2100067138672,200.2100067138672,915717
2026-07-06 15:30:00-04:00,724.8099975585938,724.8400268554688,723.8599853515625,724.530029296875,724.530029296875,874459,200.25999450683594,200.39999389648438,196.11000061035156,199.18499755859375,199.18499755859375,2428608
2026-07-06 15:45:00-04:00,724.52001953125,724.8200073242188,722.2100219726562,722.6500244140625,722.6500244140625,3081246,199.1699981689453,199.74000549316406,194.22999572753906,194.77000427246094,194.77000427246094,3059195
2026-07-07 09:30:00-04:00,714.1400146484375,716.3397216796875,711.6300048828125,714.14501953125,714.14501953125,5297276,165.39999389648438,171.8800048828125,162.22000122070312,169.5850067138672,169.5850067138672,14049561
2026-07-07 09:45:00-04:00,714.1400146484375,714.1699829101562,710.0,711.1727905273438,711.1727905273438,2054079,169.47999572753906,169.8800048828125,159.3000030517578,162.66050720214844,162.66050720214844,5658823
2026-07-07 10:00:00-04:00,711.0800170898438,712.0250244140625,707.8599853515625,708.0899047851562,708.0899047851562,2124253,162.77000427246094,164.3000030517578,156.27000427246094,156.4149932861328,156.4149932861328,3792681
2026-07-07 10:15:00-04:00,708.0499877929688,708.9400024414062,706.0800170898438,707.219970703125,707.219970703125,2565065,156.42999267578125,157.8800048828125,153.10000610351562,155.43499755859375,155.43499755859375,4717019
2026-07-07 10:30:00-04:00,707.2100219726562,707.760009765625,704.9000244140625,705.5900268554688,705.5900268554688,2511236,155.44000244140625,156.78990173339844,150.0800018310547,150.60000610351562,150.60000610351562,3988590
2026-07-07 10:45:00-04:00,705.5900268554688,707.75,705.4550170898438,707.1900024414062,707.1900024414062,2047510,150.57000732421875,157.47999572753906,150.35400390625,155.8300018310547,155.8300018310547,4165703
2026-07-07 11:00:00-04:00,707.1699829101562,708.5,706.4450073242188,707.5557250976562,707.5557250976562,1141164,155.79010009765625,158.0,153.6999969482422,156.5,156.5,2392441
2026-07-07 11:15:00-04:00,707.5499877929688,707.5999755859375,706.4199829101562,707.4494018554688,707.4494018554688,1243016,156.38999938964844,156.38999938964844,152.5500030517578,154.81500244140625,154.81500244140625,1929656
2026-07-07 11:30:00-04:00,707.4600219726562,707.8095703125,705.8400268554688,707.8095703125,707.8095703125,769395,154.88999938964844,156.3000030517578,153.24220275878906,156.1999969482422,156.1999969482422,1321275
2026-07-07 11:45:00-04:00,707.7999877929688,709.25,707.7000122070312,709.2000122070312,709.2000122070312,1028264,156.24000549316406,160.66000366210938,156.08999633789062,160.41799926757812,160.41799926757812,2570270
2026-07-07 12:00:00-04:00,709.2100219726562,711.239990234375,708.989990234375,711.1300048828125,711.1300048828125,1481162,160.5399932861328,165.0,160.01010131835938,164.9499053955078,164.9499053955078,2522007
2026-07-07 12:15:00-04:00,711.125,713.0462036132812,710.75,712.7000122070312,712.7000122070312,1264128,164.83999633789062,168.6999969482422,163.38999938964844,168.0050048828125,168.0050048828125,2440280
2026-07-07 12:30:00-04:00,712.6599731445312,713.3099975585938,711.5800170898438,712.5599975585938,712.5599975585938,1312044,168.0,168.57000732421875,163.02650451660156,165.64999389648438,165.64999389648438,2211721
2026-07-07 12:45:00-04:00,712.5399780273438,713.2899780273438,711.9949951171875,712.8499755859375,712.8499755859375,737106,165.68499755859375,167.64990234375,164.60009765625,166.4550018310547,166.4550018310547,1321011
2026-07-07 13:00:00-04:00,712.8099975585938,713.869873046875,712.6500244140625,712.719970703125,712.719970703125,1195054,166.36000061035156,169.96949768066406,166.0,167.27000427246094,167.27000427246094,1778572
2026-07-07 13:15:00-04:00,712.719970703125,713.6630249023438,712.2001953125,712.739990234375,712.739990234375,699242,167.25,169.41000366210938,166.14100646972656,167.16929626464844,167.16929626464844,1081058
2026-07-07 13:30:00-04:00,712.75,713.5900268554688,712.75,713.4500122070312,713.4500122070312,673420,167.17999267578125,169.24020385742188,167.0601043701172,168.64999389648438,168.64999389648438,827289
2026-07-07 13:45:00-04:00,713.4400024414062,713.5698852539062,712.6599731445312,713.5599975585938,713.5599975585938,470117,168.6999969482422,168.77999877929688,166.83999633789062,168.4499969482422,168.4499969482422,778036
2026-07-07 14:00:00-04:00,713.5800170898438,713.739990234375,712.7000122070312,713.0900268554688,713.0900268554688,571628,168.4718017578125,168.52999877929688,166.4615936279297,167.5,167.5,737112
2026-07-07 14:15:00-04:00,713.0999755859375,713.364990234375,712.239990234375,712.35498046875,712.35498046875,701065,167.47000122070312,167.74000549316406,165.10000610351562,165.4810028076172,165.4810028076172,729586
2026-07-07 14:30:00-04:00,712.3599853515625,712.7100219726562,710.760009765625,711.2899780273438,711.2899780273438,818951,165.5,166.3000030517578,162.12010192871094,162.94000244140625,162.94000244140625,1222398
2026-07-07 14:45:00-04:00,711.27001953125,711.5549926757812,709.1500244140625,709.2968139648438,709.2968139648438,1140650,162.8800048828125,163.9199981689453,160.10000610351562,160.47000122070312,160.47000122070312,1308462
2026-07-07 15:00:00-04:00,709.3499755859375,709.7874755859375,707.5999755859375,707.9600219726562,707.9600219726562,1490310,160.5395965576172,162.4199981689453,157.2220001220703,158.4499969482422,158.4499969482422,2035704
2026-07-07 15:15:00-04:00,707.9600219726562,707.97998046875,706.4299926757812,707.6799926757812,707.6799926757812,1518972,158.47999572753906,159.1999053955078,155.64999389648438,159.0,159.0,1978656
2026-07-07 15:30:00-04:00,707.5800170898438,708.8800048828125,707.239990234375,707.3875122070312,707.3875122070312,1032831,158.86000061035156,162.7100067138672,158.10000610351562,159.61000061035156,159.61000061035156,5088746
2026-07-07 15:45:00-04:00,707.4000244140625,709.6199951171875,707.280029296875,709.3800048828125,709.3800048828125,3215878,159.5,165.99000549316406,158.80050659179688,165.27000427246094,165.27000427246094,4793398
2026-07-08 09:30:00-04:00,704.9400024414062,709.4199829101562,704.9400024414062,708.5449829101562,708.5449829101562,6126762,159.2100067138672,172.0,158.8699951171875,170.7050018310547,170.7050018310547,19152661
2026-07-08 09:45:00-04:00,708.52001953125,709.7999877929688,707.0800170898438,708.9500122070312,708.9500122070312,1924813,170.7449951171875,175.4799041748047,169.0,173.5,173.5,4581054
2026-07-08 10:00:00-04:00,708.9099731445312,709.469970703125,705.989990234375,706.6799926757812,706.6799926757812,1387527,173.40249633789062,174.66000366210938,166.50999450683594,169.0,169.0,2772517
2026-07-08 10:15:00-04:00,706.5999755859375,709.0599975585938,705.7427978515625,707.2000122070312,707.2000122070312,1225996,168.72999572753906,172.66000366210938,167.0601043701172,170.5749969482422,170.5749969482422,2115575
2026-07-08 10:30:00-04:00,707.0999755859375,708.1900024414062,705.1500244140625,706.2000122070312,706.2000122070312,1154407,170.42999267578125,171.57009887695312,166.75999450683594,168.5,168.5,1631606
2026-07-08 10:45:00-04:00,706.22998046875,707.2899780273438,703.75,705.2000122070312,705.2000122070312,1556265,168.52000427246094,170.8800048828125,163.7100067138672,168.47000122070312,168.47000122070312,2487048
2026-07-08 11:00:00-04:00,705.260009765625,705.52001953125,703.2899780273438,703.4600219726562,703.4600219726562,1090225,168.60000610351562,168.85000610351562,164.0,164.47019958496094,164.47019958496094,1022241
2026-07-08 11:15:00-04:00,703.4199829101562,703.969970703125,700.9099731445312,701.4500122070312,701.4500122070312,1708065,164.47999572753906,165.36000061035156,160.12010192871094,161.51609802246094,161.51609802246094,2098170
2026-07-08 11:30:00-04:00,701.47998046875,703.77001953125,700.97998046875,702.8300170898438,702.8300170898438,1129594,161.51480102539062,165.36000061035156,161.139404296875,163.82000732421875,163.82000732421875,1330907
2026-07-08 11:45:00-04:00,702.780029296875,703.2515869140625,701.3150024414062,702.405029296875,702.405029296875,767512,163.71009826660156,164.1999969482422,160.60000610351562,162.69000244140625,162.69000244140625,1038163
2026-07-08 12:00:00-04:00,702.510009765625,705.4400024414062,702.3400268554688,705.2899169921875,705.2899169921875,870354,162.92999267578125,168.02000427246094,162.58999633789062,167.65499877929688,167.65499877929688,1511759
2026-07-08 12:15:00-04:00,705.27001953125,707.3400268554688,704.760009765625,706.776611328125,706.776611328125,1014328,167.75,171.05999755859375,166.05999755859375,169.74000549316406,169.74000549316406,1921348
2026-07-08 12:30:00-04:00,706.739990234375,708.5,706.0499877929688,708.0501098632812,708.0501098632812,1323158,169.7899932861328,172.4145965576172,168.55999755859375,171.5500030517578,171.5500030517578,1530306
2026-07-08 12:45:00-04:00,708.0700073242188,709.1699829101562,707.5399780273438,709.0700073242188,709.0700073242188,864733,171.52000427246094,174.5771484375,170.4199981689453,174.44000244140625,174.44000244140625,1627029
2026-07-08 13:00:00-04:00,709.0900268554688,709.4600219726562,708.1599731445312,708.1737060546875,708.1737060546875,700917,174.44500732421875,174.88999938964844,172.28199768066406,172.2899932861328,172.2899932861328,1341438
2026-07-08 13:15:00-04:00,708.1699829101562,710.8198852539062,708.1599731445312,710.6801147460938,710.6801147460938,953639,172.33999633789062,176.3800048828125,172.2899932861328,176.14999389648438,176.14999389648438,1314595
2026-07-08 13:30:00-04:00,710.760009765625,711.1400146484375,709.2999877929688,709.4500122070312,709.4500122070312,731089,176.19009399414062,176.75,173.7100067138672,173.75079345703125,173.75079345703125,1110560
2026-07-08 13:45:00-04:00,709.4400024414062,709.47998046875,707.8800048828125,708.60498046875,708.60498046875,779055,173.75,174.2696990966797,171.6909942626953,172.72000122070312,172.72000122070312,1035143
2026-07-08 14:00:00-04:00,708.6400146484375,710.3900146484375,708.02001953125,709.8934936523438,709.8934936523438,580932,172.63999938964844,175.5,171.94000244140625,175.0399932861328,175.0399932861328,1088670
2026-07-08 14:15:00-04:00,709.9099731445312,710.1799926757812,709.010009765625,709.0701293945312,709.0701293945312,984159,175.0500030517578,175.66000366210938,174.06820678710938,174.18499755859375,174.18499755859375,525965
2026-07-08 14:30:00-04:00,709.0,710.1199951171875,708.5,709.8099975585938,709.8099975585938,549916,174.16409301757812,175.3000030517578,173.0601043701172,174.84500122070312,174.84500122070312,677167
2026-07-08 14:45:00-04:00,709.7849731445312,710.3300170898438,709.2800903320312,709.9099731445312,709.9099731445312,635672,174.83999633789062,175.8800048828125,174.1199951171875,175.16580200195312,175.16580200195312,540601
2026-07-08 15:00:00-04:00,709.9299926757812,710.5999755859375,709.239990234375,709.7000122070312,709.7000122070312,530832,175.1699981689453,175.89999389648438,173.69000244140625,175.58999633789062,175.58999633789062,703197
2026-07-08 15:15:00-04:00,709.719970703125,710.72998046875,709.3499755859375,710.3900756835938,710.3900756835938,605612,175.6199951171875,176.6999969482422,174.9010009765625,176.42999267578125,176.42999267578125,883974
2026-07-08 15:30:00-04:00,710.4400024414062,710.6099853515625,709.5499877929688,710.2799072265625,710.2799072265625,564009,176.36000061035156,176.72999572753906,172.90499877929688,173.89430236816406,173.89430236816406,3242775
2026-07-08 15:45:00-04:00,710.239990234375,712.2598876953125,709.4099731445312,711.280029296875,711.280029296875,2396060,173.82000732421875,175.9499969482422,172.3000946044922,174.83999633789062,174.83999633789062,3286765
2026-07-09 09:30:00-04:00,718.2899780273438,721.2999877929688,716.5,721.02001953125,721.02001953125,4563594,199.80999755859375,204.5500030517578,197.67999267578125,202.77499389648438,202.77499389648438,16561057
2026-07-09 09:45:00-04:00,721.02001953125,722.75,719.7800903320312,722.1699829101562,722.1699829101562,2027355,202.67999267578125,204.25,199.35000610351562,202.67999267578125,202.67999267578125,2961322
2026-07-09 10:00:00-04:00,722.2100219726562,722.5399780273438,719.2999877929688,719.7249755859375,719.7249755859375,1282132,202.75,203.85000610351562,198.6199951171875,199.94000244140625,199.94000244140625,2517999
2026-07-09 10:15:00-04:00,719.6500244140625,719.6500244140625,715.125,718.77001953125,718.77001953125,2361119,199.77999877929688,199.95309448242188,190.6199951171875,197.8444061279297,197.8444061279297,4663231
2026-07-09 10:30:00-04:00,718.7999877929688,719.6099853515625,717.1599731445312,718.6400146484375,718.6400146484375,1699587,197.86500549316406,199.9346923828125,195.09010314941406,198.8699951171875,198.8699951171875,1956209
2026-07-09 10:45:00-04:00,718.6599731445312,720.1300048828125,717.8200073242188,719.3200073242188,719.3200073242188,982172,199.02000427246094,201.55999755859375,196.25,198.17999267578125,198.17999267578125,2184259
2026-07-09 11:00:00-04:00,719.3900146484375,721.1599731445312,719.1300048828125,720.9400024414062,720.9400024414062,1019506,198.39999389648438,202.37950134277344,197.0399932861328,201.98500061035156,201.98500061035156,1725351
2026-07-09 11:15:00-04:00,720.8099975585938,721.6400146484375,720.3300170898438,721.3599853515625,721.3599853515625,1022541,201.89999389648438,202.2100067138672,199.52000427246094,200.10000610351562,200.10000610351562,952071
2026-07-09 11:30:00-04:00,721.3800048828125,722.0,720.9500122070312,721.5673828125,721.5673828125,755478,200.11000061035156,201.14999389648438,199.32000732421875,200.53689575195312,200.53689575195312,761124
2026-07-09 11:45:00-04:00,721.5800170898438,722.0670166015625,721.4749755859375,721.6644287109375,721.6644287109375,639527,200.52499389648438,201.6300048828125,200.14999389648438,200.8000030517578,200.8000030517578,699580
2026-07-09 12:00:00-04:00,721.7000122070312,722.5599975585938,721.7000122070312,722.030029296875,722.030029296875,631067,200.99000549316406,202.60000610351562,200.8000030517578,201.0749969482422,201.0749969482422,859927
2026-07-09 12:15:00-04:00,722.0090942382812,722.4099731445312,721.5225219726562,721.760009765625,721.760009765625,860573,201.0850067138672,201.66000366210938,198.6114959716797,199.2899932861328,199.2899932861328,737860
2026-07-09 12:30:00-04:00,721.7874755859375,722.3800048828125,721.1300048828125,722.22998046875,722.22998046875,595237,199.3000030517578,200.7299041748047,196.83999633789062,199.6199951171875,199.6199951171875,1383885
2026-07-09 12:45:00-04:00,722.1849975585938,722.298095703125,721.6799926757812,721.9400024414062,721.9400024414062,539469,199.5500030517578,200.17999267578125,198.59849548339844,199.24000549316406,199.24000549316406,446851
2026-07-09 13:00:00-04:00,721.9349975585938,723.6599731445312,721.8599853515625,723.3350219726562,723.3350219726562,1083132,199.2899932861328,201.74000549316406,199.02000427246094,200.9949951171875,200.9949951171875,715514
2026-07-09 13:15:00-04:00,723.3300170898438,724.1599731445312,723.323974609375,724.1099853515625,724.1099853515625,1452878,200.8800048828125,201.8300018310547,200.80999755859375,201.0688934326172,201.0688934326172,425722
2026-07-09 13:30:00-04:00,724.14990234375,724.22998046875,723.5,723.780029296875,723.780029296875,1143959,201.19000244140625,201.57000732421875,199.8000030517578,200.22999572753906,200.22999572753906,395520
2026-07-09 13:45:00-04:00,723.7899780273438,724.1950073242188,723.0700073242188,723.780029296875,723.780029296875,592373,200.3907012939453,201.2220001220703,198.8000030517578,199.82000732421875,199.82000732421875,446870
2026-07-09 14:00:00-04:00,723.77001953125,724.0399780273438,723.47998046875,723.8699951171875,723.8699951171875,600579,199.58999633789062,200.3000030517578,198.25,198.74929809570312,198.74929809570312,766007
2026-07-09 14:15:00-04:00,723.8699951171875,723.9400024414062,723.0449829101562,723.4299926757812,723.4299926757812,453203,198.70120239257812,199.13580322265625,196.3300018310547,197.28500366210938,197.28500366210938,712991
2026-07-09 14:30:00-04:00,723.4000244140625,723.6500244140625,722.97998046875,723.4400024414062,723.4400024414062,428687,197.28500366210938,198.17999267578125,196.47000122070312,197.64999389648438,197.64999389648438,626224
2026-07-09 14:45:00-04:00,723.4299926757812,723.5900268554688,722.739990234375,722.9600219726562,722.9600219726562,688427,197.60000610351562,198.58999633789062,195.8300018310547,196.47000122070312,196.47000122070312,597416
2026-07-09 15:00:00-04:00,722.989990234375,723.010009765625,722.2100219726562,722.4500122070312,722.4500122070312,761641,196.4600067138672,196.57000732421875,193.20199584960938,193.78880310058594,193.78880310058594,1203155
2026-07-09 15:15:00-04:00,722.469970703125,723.4199829101562,722.1799926757812,722.7999877929688,722.7999877929688,543548,193.6300048828125,195.4199981689453,192.50999450683594,193.57000732421875,193.57000732421875,1015849
2026-07-09 15:30:00-04:00,722.7899780273438,723.155029296875,722.27001953125,723.0999755859375,723.0999755859375,804917,193.47999572753906,193.7899932861328,191.12669372558594,193.3300018310547,193.3300018310547,2349087
2026-07-09 15:45:00-04:00,723.1099853515625,723.3599853515625,721.969970703125,723.1799926757812,723.1799926757812,2028129,193.3300018310547,193.75,189.4600067138672,192.44000244140625,192.44000244140625,2634413
2026-07-10 09:30:00-04:00,720.7000122070312,723.1900024414062,719.8300170898438,721.22998046875,721.22998046875,3224359,182.39999389648438,186.57000732421875,176.8000030517578,182.52999877929688,182.52999877929688,9855179
2026-07-10 09:45:00-04:00,721.27001953125,724.0399780273438,721.1900024414062,722.8350219726562,722.8350219726562,1669683,182.3699951171875,189.97999572753906,182.3699951171875,186.35000610351562,186.35000610351562,2978123
2026-07-10 10:00:00-04:00,722.7999877929688,723.8994140625,722.489990234375,723.25,723.25,972720,186.15029907226562,188.76539611816406,185.4199981689453,186.74000549316406,186.74000549316406,1425283
2026-07-10 10:15:00-04:00,723.280029296875,723.5499267578125,721.0,722.4541015625,722.4541015625,958032,186.5749969482422,187.69000244140625,181.72000122070312,186.33999633789062,186.33999633789062,1922258
2026-07-10 10:30:00-04:00,722.510009765625,723.6599731445312,717.0,721.9949951171875,721.9949951171875,2612939,186.36000061035156,189.58999633789062,180.94000244140625,186.5,186.5,1941966
2026-07-10 10:45:00-04:00,721.97998046875,722.5800170898438,720.0599975585938,720.3499145507812,720.3499145507812,722560,186.3000030517578,187.47000122070312,183.4499969482422,183.97970581054688,183.97970581054688,1051285
2026-07-10 11:00:00-04:00,720.4299926757812,721.8300170898438,719.3599853515625,721.5499877929688,721.5499877929688,825514,184.0,186.32000732421875,183.16050720214844,186.00999450683594,186.00999450683594,684300
2026-07-10 11:15:00-04:00,721.5900268554688,724.2899780273438,721.5800170898438,724.0509033203125,724.0509033203125,940691,186.19000244140625,191.00999450683594,186.06719970703125,190.44500732421875,190.44500732421875,1274653
2026-07-10 11:30:00-04:00,724.0900268554688,724.3400268554688,720.5800170898438,721.52001953125,721.52001953125,1091326,190.4600067138672,190.78990173339844,184.5,186.13999938964844,186.13999938964844,1321475
2026-07-10 11:45:00-04:00,721.5800170898438,723.3800048828125,720.9500122070312,723.239990234375,723.239990234375,739631,186.27000427246094,189.16000366210938,185.25999450683594,188.83999633789062,188.83999633789062,899599
2026-07-10 12:00:00-04:00,723.3300170898438,724.27001953125,723.3300170898438,724.0900268554688,724.0900268554688,777570,188.75,190.9199981689453,188.75,189.82000732421875,189.82000732421875,733610
2026-07-10 12:15:00-04:00,724.1400146484375,725.27001953125,724.1400146484375,724.8400268554688,724.8400268554688,893160,189.88999938964844,192.8699951171875,189.88999938964844,192.2100067138672,192.2100067138672,1203401
2026-07-10 12:30:00-04:00,724.8900146484375,725.4000244140625,724.72998046875,725.0,725.0,474923,192.16000366210938,193.3199005126953,191.61000061035156,191.9250030517578,191.9250030517578,713118
2026-07-10 12:45:00-04:00,724.969970703125,725.5700073242188,724.8759765625,725.2017822265625,725.2017822265625,473449,191.9250030517578,193.02999877929688,190.3000030517578,191.3249969482422,191.3249969482422,785378
2026-07-10 13:00:00-04:00,725.239990234375,725.3599853515625,724.530029296875,724.9807739257812,724.9807739257812,402782,191.3249969482422,192.5,190.38999938964844,192.4600067138672,192.4600067138672,457225
2026-07-10 13:15:00-04:00,724.948486328125,725.7899780273438,724.8400268554688,725.77001953125,725.77001953125,381764,192.47000122070312,194.6999969482422,191.83999633789062,194.58999633789062,194.58999633789062,688202
2026-07-10 13:30:00-04:00,725.7681884765625,726.239990234375,725.47998046875,726.10498046875,726.10498046875,651647,194.6699981689453,195.94000244140625,193.90280151367188,195.87969970703125,195.87969970703125,755689
2026-07-10 13:45:00-04:00,726.1099853515625,726.260009765625,725.330078125,725.468994140625,725.468994140625,927847,195.94000244140625,195.94000244140625,192.7751007080078,193.27999877929688,193.27999877929688,649911
2026-07-10 14:00:00-04:00,725.5399780273438,726.239990234375,725.4118041992188,725.7999877929688,725.7999877929688,1315053,193.33999633789062,194.10000610351562,192.85000610351562,193.18499755859375,193.18499755859375,448115
2026-07-10 14:15:00-04:00,725.780029296875,726.1599731445312,725.1599731445312,725.7000122070312,725.7000122070312,454696,193.18499755859375,193.18499755859375,191.3699951171875,192.19000244140625,192.19000244140625,554787
2026-07-10 14:30:00-04:00,725.7100219726562,725.9600219726562,725.3499755859375,725.559814453125,725.559814453125,258078,192.05999755859375,192.8800048828125,190.85000610351562,191.16000366210938,191.16000366210938,404685
2026-07-10 14:45:00-04:00,725.5499877929688,725.7000122070312,725.25,725.47998046875,725.47998046875,241965,191.1699981689453,192.0,190.55999755859375,191.33999633789062,191.33999633789062,421101
2026-07-10 15:00:00-04:00,725.489990234375,726.3900146484375,725.3800048828125,725.97998046875,725.97998046875,516202,191.3000030517578,192.6999053955078,190.1300048828125,191.08999633789062,191.08999633789062,454208
2026-07-10 15:15:00-04:00,725.9299926757812,725.97998046875,725.4500122070312,725.719970703125,725.719970703125,394933,191.0500030517578,191.5500030517578,189.74000549316406,191.24000549316406,191.24000549316406,614658
2026-07-10 15:30:00-04:00,725.6799926757812,726.1799926757812,725.6799926757812,725.8599853515625,725.8599853515625,546334,191.25999450683594,193.32769775390625,191.25999450683594,192.44500732421875,192.44500732421875,1941531
2026-07-10 15:45:00-04:00,725.8599853515625,726.1099853515625,725.260009765625,725.530029296875,725.530029296875,2535335,192.36000061035156,192.77999877929688,191.55999755859375,192.0749969482422,192.0749969482422,2048833
2026-07-13 09:30:00-04:00,717.719970703125,718.4299926757812,713.9500122070312,715.02001953125,715.02001953125,5011601,174.61000061035156,175.75,165.72000122070312,167.35000610351562,167.35000610351562,10747870
2026-07-13 09:45:00-04:00,715.02001953125,716.0499877929688,713.1500244140625,715.77001953125,715.77001953125,3010217,167.36500549316406,171.1999969482422,165.60499572753906,170.52000427246094,170.52000427246094,2868699
2026-07-13 10:00:00-04:00,715.8499755859375,716.5999755859375,714.1884765625,716.2999877929688,716.2999877929688,1454288,170.5800018310547,173.02999877929688,168.4001007080078,172.61500549316406,172.61500549316406,2189435
2026-07-13 10:15:00-04:00,716.27001953125,717.5850219726562,712.5599975585938,717.5,717.5,3090049,172.50999450683594,176.3000030517578,168.5,176.1199951171875,176.1199951171875,2294781
2026-07-13 10:30:00-04:00,717.6099853515625,718.0999755859375,715.6500244140625,715.9719848632812,715.9719848632812,977129,176.1999969482422,177.6699981689453,172.18299865722656,172.85000610351562,172.85000610351562,1715263
2026-07-13 10:45:00-04:00,715.9451904296875,717.989990234375,715.1400756835938,717.9099731445312,717.9099731445312,932358,172.8000030517578,174.55999755859375,170.58009338378906,174.38999938964844,174.38999938964844,1379622
2026-07-13 11:00:00-04:00,717.9299926757812,718.739990234375,716.77001953125,717.0700073242188,717.0700073242188,767858,174.39999389648438,175.52059936523438,172.2949981689453,173.2642059326172,173.2642059326172,848833
2026-07-13 11:15:00-04:00,716.9650268554688,718.1699829101562,716.5599975585938,717.6599731445312,717.6599731445312,416567,173.1199951171875,175.32000732421875,172.0500030517578,174.4199981689453,174.4199981689453,666493
2026-07-13 11:30:00-04:00,717.6500244140625,718.030029296875,716.239990234375,716.3699951171875,716.3699951171875,473719,174.5399932861328,175.5,172.20159912109375,172.3800048828125,172.3800048828125,606946
2026-07-13 11:45:00-04:00,716.2999877929688,716.4099731445312,715.0,715.3599853515625,715.3599853515625,677480,172.36000061035156,172.375,169.20010375976562,170.0500030517578,170.0500030517578,1226360
2026-07-13 12:00:00-04:00,715.330078125,715.9749755859375,714.6799926757812,715.3699951171875,715.3699951171875,516443,170.12989807128906,171.3000030517578,168.8800048828125,169.58999633789062,169.58999633789062,1163744
2026-07-13 12:15:00-04:00,715.4099731445312,715.4099731445312,713.52001953125,714.0599975585938,714.0599975585938,773923,169.52999877929688,169.7095947265625,166.5,167.11000061035156,167.11000061035156,1389471
2026-07-13 12:30:00-04:00,713.989990234375,713.989990234375,711.7000122070312,713.530029296875,713.530029296875,1853495,167.0800018310547,167.10000610351562,162.60000610351562,165.43820190429688,165.43820190429688,2908695
2026-07-13 12:45:00-04:00,713.6199951171875,713.989990234375,711.7208862304688,713.260009765625,713.260009765625,719385,165.55499267578125,166.30999755859375,162.60000610351562,165.41000366210938,165.41000366210938,1493827
2026-07-13 13:00:00-04:00,713.2999877929688,714.5499877929688,713.030029296875,713.5999755859375,713.5999755859375,668706,165.5,167.75,165.13999938964844,165.8699951171875,165.8699951171875,1209413
2026-07-13 13:15:00-04:00,713.64501953125,713.830810546875,712.5449829101562,713.010009765625,713.010009765625,729220,165.86000061035156,166.10000610351562,163.3000030517578,164.41000366210938,164.41000366210938,986069
2026-07-13 13:30:00-04:00,713.02001953125,713.3499755859375,712.2100219726562,712.8599853515625,712.8599853515625,580078,164.47000122070312,165.55999755859375,163.5,164.398193359375,164.398193359375,561352
2026-07-13 13:45:00-04:00,712.9000244140625,713.1900024414062,711.7999877929688,712.0499877929688,712.0499877929688,985715,164.39999389648438,164.6999053955078,162.75999450683594,163.94000244140625,163.94000244140625,751057
2026-07-13 14:00:00-04:00,712.1099853515625,713.510009765625,711.969970703125,712.97998046875,712.97998046875,775441,163.99000549316406,166.18499755859375,163.70010375976562,165.22000122070312,165.22000122070312,828161
2026-07-13 14:15:00-04:00,712.9650268554688,713.114990234375,711.830078125,711.97998046875,711.97998046875,805948,165.18499755859375,165.50999450683594,163.25,163.36000061035156,163.36000061035156,511860
2026-07-13 14:30:00-04:00,711.9600219726562,713.0,711.5250244140625,712.6199951171875,712.6199951171875,1030248,163.36000061035156,164.63999938964844,162.67010498046875,163.97999572753906,163.97999572753906,804562
2026-07-13 14:45:00-04:00,712.6400146484375,713.114990234375,712.219970703125,712.4199829101562,712.4199829101562,622302,163.99000549316406,165.17999267578125,163.52999877929688,163.99989318847656,163.99989318847656,480325
2026-07-13 15:00:00-04:00,712.4600219726562,713.2288208007812,711.4400024414062,711.719970703125,711.719970703125,985857,164.0,166.00999450683594,162.33009338378906,163.38499450683594,163.38499450683594,1303693
2026-07-13 15:15:00-04:00,711.739990234375,711.8200073242188,710.3099975585938,710.6300048828125,710.6300048828125,1273091,163.33999633789062,163.41000366210938,161.61000061035156,162.86000061035156,162.86000061035156,1602589
2026-07-13 15:30:00-04:00,710.6599731445312,711.52001953125,710.0999755859375,711.4000244140625,711.4000244140625,1749983,162.8699951171875,165.80999755859375,162.64999389648438,165.47000122070312,165.47000122070312,4279839
2026-07-13 15:45:00-04:00,711.4400024414062,712.6699829101562,711.0250244140625,711.719970703125,711.719970703125,3128705,165.49000549316406,168.16000366210938,164.5500030517578,165.3699951171875,165.3699951171875,4932517
2026-07-14 09:30:00-04:00,720.1400146484375,720.2860107421875,717.1199951171875,718.8599853515625,718.8599853515625,4494430,187.69000244140625,188.42599487304688,176.510498046875,178.77000427246094,178.77000427246094,15855039
2026-07-14 09:45:00-04:00,718.8300170898438,720.0800170898438,717.9000244140625,719.3900146484375,719.3900146484375,2053164,178.79989624023438,181.2899932861328,177.67999267578125,179.22000122070312,179.22000122070312,2054708
2026-07-14 10:00:00-04:00,719.4299926757812,720.0,716.02001953125,716.719970703125,716.719970703125,1410409,179.3800048828125,179.9199981689453,172.8000030517578,173.3300018310547,173.3300018310547,3167969
2026-07-14 10:15:00-04:00,716.5999755859375,718.260009765625,714.3400268554688,717.1799926757812,717.1799926757812,1258192,173.19000244140625,176.3300018310547,170.25999450683594,174.42999267578125,174.42999267578125,3030142
2026-07-14 10:30:00-04:00,717.1300048828125,720.8800048828125,716.5380249023438,718.1900024414062,718.1900024414062,1947994,174.37010192871094,178.5,173.10000610351562,175.5,175.5,1888806
2026-07-14 10:45:00-04:00,718.2100219726562,719.5700073242188,716.6199951171875,719.2999877929688,719.2999877929688,1113261,175.44500732421875,177.8800048828125,173.76809692382812,177.1300048828125,177.1300048828125,1221690
2026-07-14 11:00:00-04:00,719.469970703125,721.5,718.8699951171875,721.1099853515625,721.1099853515625,1301053,177.16000366210938,181.5,177.0406036376953,180.94500732421875,180.94500732421875,1755151
2026-07-14 11:15:00-04:00,721.3200073242188,722.0850219726562,720.5800170898438,722.02001953125,722.02001953125,984449,180.9600067138672,183.27000427246094,180.4136962890625,183.0050048828125,183.0050048828125,1492066
2026-07-14 11:30:00-04:00,722.0499877929688,722.280029296875,719.9500122070312,720.844970703125,720.844970703125,1299424,182.9499969482422,183.39999389648438,180.07000732421875,181.5500030517578,181.5500030517578,1209124
2026-07-14 11:45:00-04:00,720.8200073242188,721.22998046875,719.0499877929688,719.6300048828125,719.6300048828125,552752,181.4550018310547,182.0,178.58059692382812,179.95010375976562,179.95010375976562,911521
2026-07-14 12:00:00-04:00,719.75,719.75,717.8900146484375,718.5349731445312,718.5349731445312,456053,180.0615997314453,180.2993927001953,177.00140380859375,177.35000610351562,177.35000610351562,897350
2026-07-14 12:15:00-04:00,718.5800170898438,719.6298828125,717.719970703125,719.510009765625,719.510009765625,955557,177.25,179.1999053955078,176.32000732421875,178.8249969482422,178.8249969482422,896945
2026-07-14 12:30:00-04:00,719.5349731445312,720.5499877929688,718.8599853515625,720.2150268554688,720.2150268554688,471820,178.7200927734375,179.55999755859375,177.00999450683594,179.21499633789062,179.21499633789062,679661
2026-07-14 12:45:00-04:00,720.22998046875,720.7105712890625,719.5900268554688,720.6199951171875,720.6199951171875,433696,179.2100067138672,179.64990234375,177.88999938964844,179.4001007080078,179.4001007080078,429540
2026-07-14 13:00:00-04:00,720.6300048828125,721.1799926757812,720.3499755859375,720.5050048828125,720.5050048828125,800517,179.42999267578125,180.3800048828125,179.02000427246094,179.33009338378906,179.33009338378906,431543
2026-07-14 13:15:00-04:00,720.5599975585938,721.5700073242188,720.1400146484375,721.1500244140625,721.1500244140625,505003,179.47039794921875,180.97999572753906,178.80999755859375,180.00999450683594,180.00999450683594,440541
2026-07-14 13:30:00-04:00,721.219970703125,721.4600219726562,720.4099731445312,721.0999755859375,721.0999755859375,549795,180.14999389648438,180.6300048828125,178.6699981689453,180.1300048828125,180.1300048828125,376487
2026-07-14 13:45:00-04:00,721.0900268554688,721.5499877929688,720.6900024414062,721.5,721.5,514340,180.24000549316406,181.3800048828125,179.74000549316406,180.97320556640625,180.97320556640625,365411
2026-07-14 14:00:00-04:00,721.510009765625,721.6873168945312,721.0399780273438,721.6500244140625,721.6500244140625,394475,180.93499755859375,181.38999938964844,180.27000427246094,181.25999450683594,181.25999450683594,315179
2026-07-14 14:15:00-04:00,721.6599731445312,721.85498046875,721.1500244140625,721.260009765625,721.260009765625,424567,181.3000030517578,181.57940673828125,180.44000244140625,180.89999389648438,180.89999389648438,355892
2026-07-14 14:30:00-04:00,721.260009765625,721.6500244140625,720.0700073242188,720.5999755859375,720.5999755859375,926630,180.89999389648438,181.49000549316406,179.39999389648438,179.79010009765625,179.79010009765625,542248
2026-07-14 14:45:00-04:00,720.6199951171875,721.0499877929688,720.3499755859375,720.6199951171875,720.6199951171875,308195,179.80499267578125,180.47999572753906,179.4001007080078,179.7899932861328,179.7899932861328,379142
2026-07-14 15:00:00-04:00,720.5900268554688,720.77001953125,719.5250244140625,720.4099731445312,720.4099731445312,858229,179.6999969482422,179.85000610351562,176.6699981689453,178.05929565429688,178.05929565429688,967323
2026-07-14 15:15:00-04:00,720.3800048828125,720.9000244140625,719.9400024414062,719.9500122070312,719.9500122070312,581068,178.0399932861328,179.32989501953125,176.05999755859375,176.08999633789062,176.08999633789062,1101682
2026-07-14 15:30:00-04:00,719.97998046875,720.4000244140625,719.2899780273438,720.260009765625,720.260009765625,975021,176.08999633789062,177.8800048828125,175.10000610351562,177.43789672851562,177.43789672851562,3230203
2026-07-14 15:45:00-04:00,720.280029296875,720.8394775390625,719.47998046875,719.6799926757812,719.6799926757812,1687287,177.42999267578125,178.8800048828125,176.25,176.65899658203125,176.65899658203125,3030625
2026-07-15 09:30:00-04:00,723.9400024414062,724.3499755859375,720.8300170898438,720.8699951171875,720.8699951171875,2595589,183.77000427246094,184.0,174.14610290527344,175.55999755859375,175.55999755859375,8404981
2026-07-15 09:45:00-04:00,720.8599853515625,721.1699829101562,718.9299926757812,720.6320190429688,720.6320190429688,2107302,175.5749969482422,176.389892578125,171.5740966796875,175.6999969482422,175.6999969482422,2438509
2026-07-15 10:00:00-04:00,720.7000122070312,722.2800903320312,720.219970703125,720.219970703125,720.219970703125,1024807,175.77499389648438,176.50999450683594,170.30999755859375,170.66000366210938,170.66000366210938,1998783
2026-07-15 10:15:00-04:00,720.2100219726562,720.75927734375,716.2059936523438,718.2150268554688,718.2150268554688,1768495,170.73989868164062,171.39999389648438,162.6999969482422,166.17990112304688,166.17990112304688,4068536
2026-07-15 10:30:00-04:00,718.25,718.530029296875,713.719970703125,715.25,715.25,1620853,166.14999389648438,166.39999389648438,157.13999938964844,160.83990478515625,160.83990478515625,4157834
2026-07-15 10:45:00-04:00,715.239990234375,716.3049926757812,714.3300170898438,715.9600219726562,715.9600219726562,1444051,160.74000549316406,163.79989624023438,159.0399932861328,162.9600067138672,162.9600067138672,2408484
2026-07-15 11:00:00-04:00,716.0,716.6998901367188,714.719970703125,715.0150146484375,715.0150146484375,806057,163.0,163.36000061035156,159.2100067138672,159.5,159.5,1589766
2026-07-15 11:15:00-04:00,715.0,716.2100219726562,713.583984375,716.2100219726562,716.2100219726562,1050860,159.53610229492188,161.47000122070312,156.69000244140625,161.39739990234375,161.39739990234375,2345378
2026-07-15 11:30:00-04:00,716.1699829101562,716.5499877929688,715.0,715.5800170898438,715.5800170898438,705990,161.2200927734375,162.2899932861328,158.81500244140625,159.6649932861328,159.6649932861328,1329952
2026-07-15 11:45:00-04:00,715.5800170898438,715.5999755859375,714.27001953125,714.739990234375,714.739990234375,551731,159.72000122070312,159.8000030517578,157.3000030517578,157.7100067138672,157.7100067138672,1227267
2026-07-15 12:00:00-04:00,714.7100219726562,715.1400146484375,712.0700073242188,712.1400146484375,712.1400146484375,1608695,157.60499572753906,158.4499969482422,151.60000610351562,151.99000549316406,151.99000549316406,3398066
2026-07-15 12:15:00-04:00,712.1300048828125,712.669921875,711.0800170898438,711.844970703125,711.844970703125,1851255,151.89500427246094,152.7899932861328,150.39999389648438,151.62989807128906,151.62989807128906,2192779
2026-07-15 12:30:00-04:00,711.8200073242188,712.344970703125,710.22998046875,711.4400024414062,711.4400024414062,1188082,151.60000610351562,152.6300048828125,150.0,152.02000427246094,152.02000427246094,2663082
2026-07-15 12:45:00-04:00,711.4400024414062,713.6500244140625,711.1799926757812,713.02001953125,713.02001953125,1123656,152.02000427246094,156.3000030517578,151.77999877929688,155.25999450683594,155.25999450683594,2381974
2026-07-15 13:00:00-04:00,713.02001953125,714.1900024414062,712.5800170898438,713.5,713.5,693498,155.25999450683594,158.60000610351562,154.72999572753906,157.30999755859375,157.30999755859375,1644132
2026-07-15 13:15:00-04:00,713.5034790039062,715.3300170898438,713.4099731445312,715.260009765625,715.260009765625,1390438,157.25,161.39999389648438,157.11000061035156,160.83999633789062,160.83999633789062,1913568
2026-07-15 13:30:00-04:00,715.280029296875,716.0399780273438,715.260009765625,715.9099731445312,715.9099731445312,660539,160.8300018310547,161.91000366210938,160.2100067138672,161.47129821777344,161.47129821777344,1257689
2026-07-15 13:45:00-04:00,715.9500122070312,717.7000122070312,715.739990234375,717.2000122070312,717.2000122070312,927364,161.40499877929688,164.4499969482422,161.11000061035156,162.85000610351562,162.85000610351562,1822777
2026-07-15 14:00:00-04:00,717.2564086914062,718.280029296875,717.1300048828125,717.9799194335938,717.9799194335938,668309,162.91990661621094,165.55380249023438,162.75399780273438,163.80999755859375,163.80999755859375,1471538
2026-07-15 14:15:00-04:00,717.9500122070312,718.5900268554688,717.2000122070312,718.1694946289062,718.1694946289062,589127,163.8300018310547,165.31069946289062,161.60009765625,164.40980529785156,164.40980529785156,1370406
2026-07-15 14:30:00-04:00,718.1699829101562,718.4299926757812,716.5999755859375,716.6799926757812,716.6799926757812,495784,164.5,165.14999389648438,162.11770629882812,162.3979034423828,162.3979034423828,983670
2026-07-15 14:45:00-04:00,716.6699829101562,716.760009765625,715.0499877929688,715.4600219726562,715.4600219726562,838204,162.2866973876953,163.306396484375,159.5,160.47999572753906,160.47999572753906,1222793
2026-07-15 15:00:00-04:00,715.47998046875,716.8699951171875,715.2899780273438,716.2600708007812,716.2600708007812,997140,160.47500610351562,164.4241943359375,160.0500030517578,162.57980346679688,162.57980346679688,1372086
2026-07-15 15:15:00-04:00,716.2750244140625,716.35498046875,714.9204711914062,716.219970703125,716.219970703125,510508,162.75999450683594,163.5399932861328,159.67999267578125,163.5399932861328,163.5399932861328,1788717
2026-07-15 15:30:00-04:00,716.25,717.532470703125,715.4600219726562,717.2899780273438,717.2899780273438,1075314,163.55999755859375,166.35000610351562,162.17999267578125,165.98989868164062,165.98989868164062,4444890
2026-07-15 15:45:00-04:00,717.22998046875,717.8400268554688,716.4199829101562,717.6900024414062,717.6900024414062,1769403,165.89999389648438,166.5399932861328,164.02000427246094,165.50999450683594,165.50999450683594,4426209
2026-07-16 09:30:00-04:00,712.0,713.594970703125,708.22998046875,708.3900146484375,708.3900146484375,4044744,150.44000244140625,153.94000244140625,146.5500030517578,147.00999450683594,147.00999450683594,14990699
2026-07-16 09:45:00-04:00,708.4099731445312,709.4600219726562,707.0,709.1749877929688,709.1749877929688,1796847,147.05499267578125,148.4949951171875,144.5,148.0626983642578,148.0626983642578,4638243
2026-07-16 10:00:00-04:00,709.0900268554688,712.7650146484375,708.6500244140625,712.0850219726562,712.0850219726562,1460193,148.0500030517578,155.8300018310547,147.16000366210938,153.20069885253906,153.20069885253906,4123364
2026-07-16 10:15:00-04:00,712.1300048828125,712.9000244140625,710.4099731445312,712.469970703125,712.469970703125,944332,153.14999389648438,154.0399932861328,148.20010375976562,151.9199981689453,151.9199981689453,2659733
2026-07-16 10:30:00-04:00,712.4749755859375,713.0700073242188,711.1199951171875,711.9949951171875,711.9949951171875,783676,151.8000030517578,151.97000122070312,148.35000610351562,148.84019470214844,148.84019470214844,1526193
2026-07-16 10:45:00-04:00,712.010009765625,712.3099975585938,709.5900268554688,711.2650146484375,711.2650146484375,984076,148.82069396972656,149.74989318847656,146.0,148.81500244140625,148.81500244140625,2041109
2026-07-16 11:00:00-04:00,711.4099731445312,711.8599853515625,708.9199829101562,709.4500122070312,709.4500122070312,837665,148.88999938964844,150.0,144.6999969482422,145.6999053955078,145.6999053955078,2363910
2026-07-16 11:15:00-04:00,709.4400024414062,711.6599731445312,708.9600219726562,710.594970703125,710.594970703125,899768,145.67999267578125,147.9499053955078,144.85009765625,146.6999969482422,146.6999969482422,1716795
2026-07-16 11:30:00-04:00,710.5850219726562,712.02001953125,709.72998046875,710.3499755859375,710.3499755859375,740650,146.7989959716797,148.6999053955078,145.47999572753906,146.05999755859375,146.05999755859375,1528524
2026-07-16 11:45:00-04:00,710.2899780273438,711.280029296875,709.3499755859375,710.219970703125,710.219970703125,683181,145.99000549316406,147.05999755859375,144.50999450683594,145.35000610351562,145.35000610351562,1456501
2026-07-16 12:00:00-04:00,710.25,710.2999877929688,707.760009765625,707.8814086914062,707.8814086914062,2142725,145.46539306640625,145.52999877929688,141.8800048828125,142.0,142.0,2732632
2026-07-16 12:15:00-04:00,707.8400268554688,717.739990234375,707.1199951171875,707.9600219726562,707.9600219726562,1346106,141.9499969482422,142.8800048828125,140.8000030517578,142.25,142.25,2434980
2026-07-16 12:30:00-04:00,707.969970703125,708.9299926757812,707.6400146484375,707.8499755859375,707.8499755859375,820234,142.2899932861328,143.64990234375,141.71009826660156,142.14999389648438,142.14999389648438,1480009
2026-07-16 12:45:00-04:00,707.7999877929688,709.2000122070312,707.2750244140625,708.8671264648438,708.8671264648438,729185,142.11000061035156,143.60000610351562,140.36000061035156,142.9550018310547,142.9550018310547,2042717
2026-07-16 13:00:00-04:00,708.9299926757812,708.9400024414062,707.6077880859375,707.6749877929688,707.6749877929688,507628,143.07000732421875,143.1300048828125,141.07000732421875,141.27999877929688,141.27999877929688,900258
2026-07-16 13:15:00-04:00,707.7177124023438,708.97998046875,707.3499755859375,708.739990234375,708.739990234375,896334,141.30999755859375,141.85000610351562,139.69000244140625,141.50320434570312,141.50320434570312,2397791
2026-07-16 13:30:00-04:00,708.7899780273438,709.010009765625,706.3099975585938,706.5900268554688,706.5900268554688,949904,141.46600341796875,141.77999877929688,138.4499969482422,138.6970977783203,138.6970977783203,1777346
2026-07-16 13:45:00-04:00,706.5999755859375,707.1799926757812,706.0399780273438,706.6099853515625,706.6099853515625,1029107,138.8000030517578,139.55929565429688,138.0,138.7550048828125,138.7550048828125,1539941
2026-07-16 14:00:00-04:00,706.5900268554688,707.4334106445312,706.0599975585938,706.3599853515625,706.3599853515625,1563495,138.77999877929688,141.1199951171875,138.3699951171875,140.22000122070312,140.22000122070312,1378018
2026-07-16 14:15:00-04:00,706.3798828125,708.0599975585938,706.0,707.2100219726562,707.2100219726562,619073,140.1199951171875,143.75990295410156,139.50010681152344,142.3699951171875,142.3699951171875,1876004
2026-07-16 14:30:00-04:00,707.0999755859375,707.0999755859375,705.5,706.4600219726562,706.4600219726562,1524205,142.30499267578125,142.30499267578125,139.80999755859375,141.25,141.25,1106591
2026-07-16 14:45:00-04:00,706.364990234375,706.8099975585938,705.5399780273438,705.8099975585938,705.8099975585938,680528,141.24000549316406,141.33990478515625,139.5500030517578,139.9199981689453,139.9199981689453,915066
2026-07-16 15:00:00-04:00,705.77001953125,706.5599975585938,704.9299926757812,705.0999755859375,705.0999755859375,1370794,139.99000549316406,141.8699951171875,139.3000030517578,140.3699951171875,140.3699951171875,1421508
2026-07-16 15:15:00-04:00,705.0700073242188,705.1699829101562,703.5900268554688,704.2899780273438,704.2899780273438,1360107,140.1699981689453,141.00999450683594,138.6199951171875,140.6699981689453,140.6699981689453,2330840
2026-07-16 15:30:00-04:00,704.2899780273438,704.8300170898438,703.5599975585938,703.5900268554688,703.5900268554688,2396715,140.63999938964844,141.58999633789062,138.32009887695312,139.49949645996094,139.49949645996094,4877864
2026-07-16 15:45:00-04:00,703.5999755859375,706.4600219726562,702.6099853515625,706.02001953125,706.02001953125,4238455,139.44000244140625,142.8800048828125,138.3000030517578,142.50999450683594,142.50999450683594,5977257
2026-07-17 09:30:00-04:00,691.6300048828125,693.5399780273438,686.760009765625,687.0599975585938,687.0599975585938,7277926,124.7300033569336,127.41999816894531,116.47000122070312,117.79000091552734,117.79000091552734,27601365
2026-07-17 09:45:00-04:00,687.0599975585938,693.4099731445312,686.8732299804688,693.3499755859375,693.3499755859375,3947152,117.87000274658203,128.22999572753906,117.61009979248047,127.66999816894531,127.66999816894531,7748121
2026-07-17 10:00:00-04:00,693.35498046875,697.8399047851562,693.0399780273438,696.4400024414062,696.4400024414062,3931966,127.60060119628906,137.1999969482422,127.4000015258789,133.24000549316406,133.24000549316406,10056311
2026-07-17 10:15:00-04:00,696.3499755859375,698.4199829101562,695.8300170898438,697.0299072265625,697.0299072265625,1648400,133.30979919433594,137.17999267578125,131.75169372558594,133.47500610351562,133.47500610351562,4487602
2026-07-17 10:30:00-04:00,697.0549926757812,698.5700073242188,695.3099975585938,696.8300170898438,696.8300170898438,1549411,133.5399932861328,135.97999572753906,129.8000030517578,133.31500244140625,133.31500244140625,3900770
2026-07-17 10:45:00-04:00,696.760009765625,697.6599731445312,694.35498046875,694.469970703125,694.469970703125,1583730,133.25,134.64999389648438,130.10000610351562,130.24000549316406,130.24000549316406,2311600
2026-07-17 11:00:00-04:00,694.5399780273438,695.1699829101562,693.2899780273438,694.0,694.0,3206497,130.17999267578125,130.8300018310547,127.52010345458984,129.4199981689453,129.4199981689453,3245818
2026-07-17 11:15:00-04:00,693.969970703125,695.280029296875,693.1400146484375,695.0449829101562,695.0449829101562,1380839,129.4199981689453,131.61000061035156,128.41009521484375,130.47999572753906,130.47999572753906,2307127
2026-07-17 11:30:00-04:00,695.135009765625,697.2899780273438,694.3099975585938,696.1950073242188,696.1950073242188,1224660,130.3699951171875,134.78990173339844,129.11000061035156,132.8800048828125,132.8800048828125,2710115
2026-07-17 11:45:00-04:00,696.1799926757812,699.8699951171875,695.8300170898438,699.489990234375,699.489990234375,1882327,132.9149932861328,140.10000610351562,132.63009643554688,139.13999938964844,139.13999938964844,3308888
2026-07-17 12:00:00-04:00,699.489990234375,700.0499877929688,697.3599853515625,699.6699829101562,699.6699829101562,2591111,139.17999267578125,141.6199951171875,137.6199951171875,141.36000061035156,141.36000061035156,3110528
2026-07-17 12:15:00-04:00,699.6649780273438,700.0499877929688,697.719970703125,699.0,699.0,1118600,141.30999755859375,141.55999755859375,137.66000366210938,139.14999389648438,139.14999389648438,2196147
2026-07-17 12:30:00-04:00,698.97998046875,700.4099731445312,698.3699951171875,700.4099731445312,700.4099731445312,775059,138.99000549316406,140.62899780273438,138.11749267578125,140.56500244140625,140.56500244140625,1305693
2026-07-17 12:45:00-04:00,700.3900146484375,701.760009765625,700.2100219726562,700.5,700.5,2013572,140.55999755859375,142.19000244140625,139.89999389648438,140.75999450683594,140.75999450683594,1859726
2026-07-17 13:00:00-04:00,700.530029296875,702.2999877929688,700.3350219726562,701.0050048828125,701.0050048828125,1090829,140.83999633789062,144.39999389648438,140.4199981689453,142.50010681152344,142.50010681152344,2307124
2026-07-17 13:15:00-04:00,701.1199951171875,702.1500244140625,700.6500244140625,702.0,702.0,1248767,142.4801025390625,144.1699981689453,142.1199951171875,143.44000244140625,143.44000244140625,1211808
2026-07-17 13:30:00-04:00,701.989990234375,702.1500244140625,699.75,699.9298706054688,699.9298706054688,1040071,143.39999389648438,143.6999969482422,140.05099487304688,140.50010681152344,140.50010681152344,1448958
2026-07-17 13:45:00-04:00,699.9000244140625,700.3499755859375,698.280029296875,698.60009765625,698.60009765625,540244,140.5500030517578,141.52000427246094,137.92050170898438,138.5,138.5,1389423
2026-07-17 14:00:00-04:00,698.6400146484375,699.530029296875,697.6099853515625,697.7501220703125,697.7501220703125,1438636,138.52000427246094,139.74899291992188,136.64999389648438,136.83009338378906,136.83009338378906,1483155
2026-07-17 14:15:00-04:00,697.77001953125,697.9099731445312,696.77001953125,697.52001953125,697.52001953125,1341084,136.86500549316406,137.32000732421875,134.88999938964844,136.78500366210938,136.78500366210938,1778297
2026-07-17 14:30:00-04:00,697.5,698.4199829101562,696.1199951171875,696.4000244140625,696.4000244140625,959569,136.75,138.24000549316406,134.8800048828125,135.4499969482422,135.4499969482422,1552148
2026-07-17 14:45:00-04:00,696.4000244140625,698.25,696.1400146484375,697.7000122070312,697.7000122070312,845632,135.39999389648438,137.7299041748047,134.96499633789062,136.8881072998047,136.8881072998047,1156214
2026-07-17 15:00:00-04:00,697.6900024414062,697.8499755859375,695.1900024414062,695.25,695.25,762478,136.88999938964844,137.0,133.1501007080078,133.4499969482422,133.4499969482422,1354870
2026-07-17 15:15:00-04:00,695.2000122070312,696.2999877929688,694.22998046875,696.0900268554688,696.0900268554688,1542382,133.37240600585938,136.19000244140625,132.39999389648438,135.6699981689453,135.6699981689453,2550015
2026-07-17 15:30:00-04:00,696.1199951171875,697.25,695.0800170898438,696.0900268554688,696.0900268554688,1455906,135.75999450683594,137.89999389648438,134.57009887695312,136.02999877929688,136.02999877929688,5233196
2026-07-17 15:45:00-04:00,696.0800170898438,697.5,695.1699829101562,695.2999877929688,695.2999877929688,2807530,136.08999633789062,138.2301025390625,135.10000610351562,135.28500366210938,135.28500366210938,5092644
2026-07-20 09:30:00-04:00,702.260009765625,705.5499877929688,701.780029296875,705.47998046875,705.47998046875,3866954,144.02000427246094,148.22000122070312,143.5,147.84100341796875,147.84100341796875,13652343
2026-07-20 09:45:00-04:00,705.489990234375,705.7999877929688,700.6599731445312,701.0900268554688,701.0900268554688,2031364,147.8800048828125,148.74000549316406,142.27999877929688,143.79989624023438,143.79989624023438,4064213
2026-07-20 10:00:00-04:00,701.0999755859375,702.3599853515625,699.6849975585938,700.5,700.5,1656595,143.77999877929688,145.67990112304688,140.4600067138672,142.07000732421875,142.07000732421875,2776084
2026-07-20 10:15:00-04:00,700.5,701.9299926757812,698.9099731445312,701.89501953125,701.89501953125,1159007,142.06900024414062,144.7100067138672,139.2899932861328,144.67999267578125,144.67999267578125,3020603
2026-07-20 10:30:00-04:00,701.8800048828125,702.3599853515625,700.030029296875,700.3400268554688,700.3400268554688,749518,144.52000427246094,145.38999938964844,141.76840209960938,142.23500061035156,142.23500061035156,1513201
2026-07-20 10:45:00-04:00,700.27001953125,701.239990234375,698.1099853515625,698.5399780273438,698.5399780273438,1053977,142.0,143.3386993408203,138.69000244140625,139.30999755859375,139.30999755859375,1816917
2026-07-20 11:00:00-04:00,698.510009765625,700.8900146484375,698.0800170898438,699.7899780273438,699.7899780273438,792368,139.30999755859375,142.30999755859375,138.6999969482422,141.44000244140625,141.44000244140625,1723165
2026-07-20 11:15:00-04:00,699.905029296875,701.719970703125,699.4099731445312,701.5399780273438,701.5399780273438,636634,141.57000732421875,143.88999938964844,141.0,143.25,143.25,1384209
2026-07-20 11:30:00-04:00,701.54052734375,701.9500122070312,700.7999877929688,701.7899780273438,701.7899780273438,632118,143.37989807128906,144.11000061035156,141.89999389648438,143.50970458984375,143.50970458984375,1122780
2026-07-20 11:45:00-04:00,701.8099975585938,702.6900024414062,700.5399780273438,702.3800048828125,702.3800048828125,671425,143.5395050048828,144.86000061035156,141.94000244140625,144.47000122070312,144.47000122070312,1022880
2026-07-20 12:00:00-04:00,702.409912109375,704.02001953125,701.8353881835938,703.719970703125,703.719970703125,669541,144.36000061035156,146.3699951171875,143.75999450683594,145.85000610351562,145.85000610351562,1328609
2026-07-20 12:15:00-04:00,703.7899780273438,703.8499755859375,702.8200073242188,703.1873779296875,703.1873779296875,956098,145.89999389648438,145.97999572753906,143.860107421875,144.5500030517578,144.5500030517578,769637
2026-07-20 12:30:00-04:00,703.260009765625,703.5399780273438,700.3099975585938,701.2999877929688,701.2999877929688,1227419,144.5800018310547,144.78500366210938,141.8000030517578,142.1999969482422,142.1999969482422,1033421
2026-07-20 12:45:00-04:00,701.219970703125,702.4000244140625,700.1400146484375,700.8200073242188,700.8200073242188,1109131,142.13999938964844,143.49000549316406,141.10000610351562,142.25999450683594,142.25999450683594,892948
2026-07-20 13:00:00-04:00,700.7899780273438,701.1599731445312,699.2949829101562,699.405029296875,699.405029296875,442319,142.27999877929688,142.89990234375,140.6719970703125,140.88999938964844,140.88999938964844,644056
2026-07-20 13:15:00-04:00,699.3699951171875,700.5800170898438,699.030029296875,700.1530151367188,700.1530151367188,555142,140.86000061035156,142.62030029296875,140.50999450683594,141.6300048828125,141.6300048828125,778605
2026-07-20 13:30:00-04:00,700.1599731445312,700.515380859375,698.7999877929688,699.030029296875,699.030029296875,404206,141.7100067138672,142.2100067138672,140.25050354003906,140.67840576171875,140.67840576171875,579843
2026-07-20 13:45:00-04:00,699.0150146484375,700.739990234375,698.989990234375,700.14990234375,700.14990234375,388406,140.63999938964844,142.30999755859375,140.55999755859375,141.5500030517578,141.5500030517578,616129
2026-07-20 14:00:00-04:00,700.27001953125,701.219970703125,700.1500244140625,700.9901123046875,700.9901123046875,803438,141.58999633789062,142.97999572753906,141.47000122070312,142.6824951171875,142.6824951171875,575952
2026-07-20 14:15:00-04:00,700.989990234375,701.3900146484375,699.5599975585938,699.9346923828125,699.9346923828125,425878,142.6199951171875,143.0800018310547,140.7899932861328,141.2050018310547,141.2050018310547,552130
2026-07-20 14:30:00-04:00,699.9500122070312,699.9598999023438,697.7999877929688,697.8099975585938,697.8099975585938,589517,141.1199951171875,141.36000061035156,139.57000732421875,139.86000061035156,139.86000061035156,772981
2026-07-20 14:45:00-04:00,697.8306274414062,698.7899780273438,697.719970703125,698.0700073242188,698.0700073242188,683287,139.85000610351562,140.64999389648438,139.22000122070312,139.6750030517578,139.6750030517578,598484
2026-07-20 15:00:00-04:00,698.0900268554688,698.6799926757812,696.5399780273438,696.5599975585938,696.5599975585938,1188364,139.64999389648438,140.1999969482422,137.11000061035156,137.3699951171875,137.3699951171875,1486826
2026-07-20 15:15:00-04:00,696.5748291015625,698.0,696.260009765625,697.6799926757812,697.6799926757812,1076395,137.25999450683594,138.67999267578125,136.39999389648438,138.17999267578125,138.17999267578125,1341040
2026-07-20 15:30:00-04:00,697.7100219726562,698.5991821289062,697.2000122070312,697.9000244140625,697.9000244140625,1001348,138.02999877929688,138.82000732421875,137.11000061035156,137.8800048828125,137.8800048828125,3607229
2026-07-20 15:45:00-04:00,697.9500122070312,698.2581787109375,695.510009765625,695.989990234375,695.989990234375,2942254,137.88999938964844,138.38949584960938,135.6649932861328,136.86000061035156,136.86000061035156,2998933
2026-07-21 09:30:00-04:00,706.6799926757812,707.1300048828125,704.3900146484375,704.7100219726562,704.7100219726562,3755458,155.83999633789062,157.1199951171875,152.52000427246094,153.0399932861328,153.0399932861328,14393359
2026-07-21 09:45:00-04:00,704.7100219726562,705.5098876953125,703.5050048828125,704.9000244140625,704.9000244140625,1142580,153.02000427246094,154.63999938964844,150.91000366210938,152.4949951171875,152.4949951171875,3184444
2026-07-21 10:00:00-04:00,704.969970703125,705.75,702.8099975585938,704.3699951171875,704.3699951171875,1226434,152.5,153.8000030517578,148.8699951171875,151.7093963623047,151.7093963623047,2839665
2026-07-21 10:15:00-04:00,704.3499145507812,706.4500122070312,702.9000244140625,706.22998046875,706.22998046875,1418864,151.60000610351562,153.63999938964844,149.75,153.57269287109375,153.57269287109375,1966803
2026-07-21 10:30:00-04:00,706.219970703125,707.0,705.2000122070312,706.6599731445312,706.6599731445312,1028493,153.5399932861328,155.0800018310547,152.9600067138672,154.89999389648438,154.89999389648438,1906721
2026-07-21 10:45:00-04:00,706.7100219726562,707.4000244140625,706.3099975585938,707.0,707.0,751547,154.89999389648438,155.5500030517578,153.75999450683594,154.86000061035156,154.86000061035156,1130318
2026-07-21 11:00:00-04:00,706.97998046875,708.4500122070312,705.6500244140625,708.2899780273438,708.2899780273438,861471,154.8300018310547,158.4199981689453,154.17999267578125,158.2550048828125,158.2550048828125,2492314
2026-07-21 11:15:00-04:00,708.3099975585938,708.989990234375,707.8350219726562,708.6900024414062,708.6900024414062,885808,158.2899932861328,159.0,156.77000427246094,158.18600463867188,158.18600463867188,1712740
2026-07-21 11:30:00-04:00,708.6599731445312,708.6799926757812,707.510009765625,707.5800170898438,707.5800170898438,677874,158.1999969482422,158.1999969482422,155.8300018310547,156.0,156.0,1301489
2026-07-21 11:45:00-04:00,707.5599975585938,708.5,707.47998046875,707.5203247070312,707.5203247070312,659903,155.97000122070312,157.49000549316406,155.94000244140625,156.15499877929688,156.15499877929688,781678
2026-07-21 12:00:00-04:00,707.592529296875,709.0999755859375,707.4299926757812,708.5399780273438,708.5399780273438,732182,156.1300048828125,158.2322998046875,155.97999572753906,157.47000122070312,157.47000122070312,833777
2026-07-21 12:15:00-04:00,708.5900268554688,709.4099731445312,708.5599975585938,708.8300170898438,708.8300170898438,922286,157.48500061035156,159.2899932861328,157.46009826660156,158.35000610351562,158.35000610351562,919779
2026-07-21 12:30:00-04:00,708.8499755859375,709.385009765625,708.6300048828125,709.0,709.0,998887,158.42999267578125,159.30499267578125,157.8000030517578,158.83999633789062,158.83999633789062,689620
2026-07-21 12:45:00-04:00,709.0,709.7899780273438,708.8300170898438,709.2999877929688,709.2999877929688,658864,158.8000030517578,160.0,158.66000366210938,159.25999450683594,159.25999450683594,1122496
2026-07-21 13:00:00-04:00,709.2999877929688,709.8800048828125,709.2899780273438,709.3599853515625,709.3599853515625,1125669,159.26499938964844,160.63999938964844,159.25999450683594,159.6082000732422,159.6082000732422,891268
2026-07-21 13:15:00-04:00,709.3699951171875,709.6099853515625,709.0900268554688,709.3150024414062,709.3150024414062,443851,159.66000366210938,160.25,159.24000549316406,159.71359252929688,159.71359252929688,660717
2026-07-21 13:30:00-04:00,709.3300170898438,709.760009765625,709.2000122070312,709.530029296875,709.530029296875,535626,159.71080017089844,160.25,159.44009399414062,159.7100067138672,159.7100067138672,509050
2026-07-21 13:45:00-04:00,709.5499877929688,710.0499877929688,709.3300170898438,709.530029296875,709.530029296875,566970,159.83999633789062,160.3300018310547,158.86129760742188,159.19500732421875,159.19500732421875,544426
2026-07-21 14:00:00-04:00,709.5399780273438,710.030029296875,709.4409790039062,709.489990234375,709.489990234375,1112721,159.24000549316406,159.89999389648438,159.11000061035156,159.11000061035156,159.11000061035156,436149
2026-07-21 14:15:00-04:00,709.489990234375,709.6199951171875,709.030029296875,709.1599731445312,709.1599731445312,540068,159.19000244140625,159.39999389648438,158.49000549316406,158.72000122070312,158.72000122070312,512644
2026-07-21 14:30:00-04:00,709.1500244140625,709.719970703125,708.7999877929688,709.7000122070312,709.7000122070312,683715,158.74000549316406,159.75,158.3000030517578,159.72999572753906,159.72999572753906,679320
2026-07-21 14:45:00-04:00,709.7000122070312,709.8900146484375,708.9500122070312,709.2299194335938,709.2299194335938,571231,159.72000122070312,160.0399932861328,158.8800048828125,159.3800048828125,159.3800048828125,542239
2026-07-21 15:00:00-04:00,709.22998046875,709.4000244140625,708.635009765625,708.75,708.75,633046,159.3300018310547,159.77000427246094,157.33999633789062,157.60000610351562,157.60000610351562,1002340
2026-07-21 15:15:00-04:00,708.739990234375,709.0,708.3300170898438,708.3900146484375,708.3900146484375,412879,157.57000732421875,158.12049865722656,156.33999633789062,156.4499969482422,156.4499969482422,1913082
2026-07-21 15:30:00-04:00,708.4199829101562,709.5399780273438,708.3300170898438,709.469970703125,709.469970703125,1347639,156.50999450683594,158.39999389648438,156.18499755859375,158.2899932861328,158.2899932861328,3369635
2026-07-21 15:45:00-04:00,709.4500122070312,709.8599853515625,708.6500244140625,708.9500122070312,708.9500122070312,5355806,158.27499389648438,159.99000549316406,157.52999877929688,158.41000366210938,158.41000366210938,4998197
2026-07-22 09:30:00-04:00,704.3499755859375,705.9000244140625,703.6400146484375,705.7249755859375,705.7249755859375,4159918,147.09500122070312,157.25999450683594,147.0,156.72999572753906,156.72999572753906,12964196
2026-07-22 09:45:00-04:00,705.719970703125,708.0999755859375,705.0999755859375,708.0999755859375,708.0999755859375,1596664,156.7100067138672,160.32000732421875,154.6501007080078,160.22000122070312,160.22000122070312,3454433
2026-07-22 10:00:00-04:00,708.0900268554688,708.239990234375,706.6400146484375,707.0900268554688,707.0900268554688,1098442,160.22000122070312,160.29989624023438,156.19000244140625,158.13999938964844,158.13999938964844,2257546
2026-07-22 10:15:00-04:00,707.0800170898438,707.989990234375,706.1599731445312,706.7098999023438,706.7098999023438,953333,158.11000061035156,160.92999267578125,156.1999969482422,159.50999450683594,159.50999450683594,2110821
2026-07-22 10:30:00-04:00,706.6900024414062,707.6599731445312,705.5800170898438,705.9000244140625,705.9000244140625,1150800,159.50999450683594,160.86000061035156,158.02999877929688,158.52000427246094,158.52000427246094,1362785
2026-07-22 10:45:00-04:00,705.8699951171875,707.2899780273438,705.6199951171875,707.1900024414062,707.1900024414062,627901,158.57000732421875,160.3300018310547,158.22999572753906,160.0,160.0,1248511
2026-07-22 11:00:00-04:00,707.2000122070312,708.9600219726562,707.2000122070312,708.7940063476562,708.7940063476562,888762,160.0500030517578,164.72999572753906,160.0500030517578,164.3000030517578,164.3000030517578,2230051
2026-07-22 11:15:00-04:00,708.7999877929688,709.6472778320312,708.4400024414062,709.22998046875,709.22998046875,802215,164.25,165.75,163.82000732421875,164.66000366210938,164.66000366210938,1369684
2026-07-22 11:30:00-04:00,709.239990234375,709.469970703125,708.013671875,708.3699951171875,708.3699951171875,701934,164.7100067138672,165.2550048828125,162.281005859375,162.74000549316406,162.74000549316406,1328494
2026-07-22 11:45:00-04:00,708.3499755859375,709.4099731445312,708.3499755859375,709.3599853515625,709.3599853515625,431648,162.7899932861328,164.3000030517578,162.7899932861328,164.1999969482422,164.1999969482422,773956
2026-07-22 12:00:00-04:00,709.3699951171875,709.4500122070312,708.9400024414062,709.3300170898438,709.3300170898438,367212,164.19000244140625,164.6916961669922,163.83999633789062,164.48500061035156,164.48500061035156,508390
2026-07-22 12:15:00-04:00,709.3300170898438,709.4876708984375,708.6500244140625,708.9025268554688,708.9025268554688,423158,164.44369506835938,164.72000122070312,163.00999450683594,163.59019470214844,163.59019470214844,564802
2026-07-22 12:30:00-04:00,708.9000244140625,709.3200073242188,708.25,708.4000244140625,708.4000244140625,349866,163.6199951171875,164.97999572753906,162.64999389648438,163.0,163.0,837972
2026-07-22 12:45:00-04:00,708.4000244140625,709.1599731445312,708.0700073242188,708.8699951171875,708.8699951171875,332860,163.04989624023438,164.32000732421875,162.1999969482422,163.9149932861328,163.9149932861328,703437
2026-07-22 13:00:00-04:00,708.8800048828125,709.3499755859375,708.6799926757812,708.8599853515625,708.8599853515625,335396,163.9158935546875,165.39999389648438,163.8699951171875,164.24009704589844,164.24009704589844,738706
2026-07-22 13:15:00-04:00,708.8499755859375,709.0772705078125,708.5020141601562,708.769775390625,708.769775390625,372034,164.23500061035156,165.02999877929688,163.8800048828125,164.68499755859375,164.68499755859375,569786
2026-07-22 13:30:00-04:00,708.7150268554688,709.0900268554688,708.1500244140625,708.510009765625,708.510009765625,224179,164.6300048828125,165.13999938964844,163.6800994873047,164.63999938964844,164.63999938964844,411387
2026-07-22 13:45:00-04:00,708.510009765625,708.5700073242188,707.0399780273438,707.2738037109375,707.2738037109375,533798,164.55999755859375,164.84170532226562,163.02999877929688,163.4550018310547,163.4550018310547,436918
2026-07-22 14:00:00-04:00,707.27001953125,707.9199829101562,706.8099975585938,706.8099975585938,706.8099975585938,310440,163.5,164.14999389648438,162.67999267578125,162.6999969482422,162.6999969482422,573352
2026-07-22 14:15:00-04:00,706.8200073242188,707.489990234375,706.739990234375,707.1300048828125,707.1300048828125,395409,162.6999969482422,163.5,162.39010620117188,162.9739990234375,162.9739990234375,471215
2026-07-22 14:30:00-04:00,707.1201171875,707.1699829101562,706.4000244140625,706.9000244140625,706.9000244140625,344642,162.94500732421875,163.0,161.85000610351562,162.8300018310547,162.8300018310547,524366
2026-07-22 14:45:00-04:00,706.9099731445312,707.619873046875,706.7899780273438,707.4249877929688,707.4249877929688,295338,162.80450439453125,163.9799041748047,162.66290283203125,163.4824981689453,163.4824981689453,406065
2026-07-22 15:00:00-04:00,707.3400268554688,707.6300048828125,706.5900268554688,706.8049926757812,706.8049926757812,505965,163.45880126953125,164.0399932861328,162.39999389648438,162.6999969482422,162.6999969482422,449492
2026-07-22 15:15:00-04:00,706.8200073242188,707.6799926757812,706.6400146484375,707.5004272460938,707.5004272460938,535197,162.8000030517578,164.35000610351562,162.47999572753906,164.0,164.0,594966
2026-07-22 15:30:00-04:00,707.5,707.530029296875,706.0599975585938,706.5001220703125,706.5001220703125,708891,163.97500610351562,164.17999267578125,161.9949951171875,162.4600067138672,162.4600067138672,1996985
2026-07-22 15:45:00-04:00,706.52001953125,707.3099975585938,705.1900024414062,705.27001953125,705.27001953125,1989792,162.50999450683594,163.1999969482422,160.1999969482422,160.9499969482422,160.9499969482422,2892641
2026-07-23 09:30:00-04:00,694.6400146484375,698.6599731445312,693.2100219726562,698.0,698.0,5961057,152.16000366210938,162.4600067138672,152.00999450683594,162.15989685058594,162.15989685058594,13585050
2026-07-23 09:45:00-04:00,698.0,698.2899780273438,694.1900024414062,694.4600219726562,694.4600219726562,1920063,162.02000427246094,162.55999755859375,156.51449584960938,158.3000030517578,158.3000030517578,3654077
2026-07-23 10:00:00-04:00,694.6099853515625,696.6900024414062,693.760009765625,694.4000244140625,694.4000244140625,1788671,158.33999633789062,162.58999633789062,158.1199951171875,159.77999877929688,159.77999877929688,2224047
2026-07-23 10:15:00-04:00,694.2999877929688,696.1500244140625,693.97998046875,695.1400146484375,695.1400146484375,1228586,159.81500244140625,162.9199981689453,158.86749267578125,161.0,161.0,1763170
2026-07-23 10:30:00-04:00,695.0150146484375,695.989990234375,692.47998046875,692.9199829101562,692.9199829101562,1961798,160.91000366210938,161.6999969482422,157.24000549316406,157.8032989501953,157.8032989501953,2179957
2026-07-23 10:45:00-04:00,692.9000244140625,693.5299072265625,691.2949829101562,691.75,691.75,1506624,157.80499267578125,158.95449829101562,154.92999267578125,156.02000427246094,156.02000427246094,1795155
2026-07-23 11:00:00-04:00,691.780029296875,691.9398803710938,688.97998046875,689.2650146484375,689.2650146484375,1978098,156.14999389648438,156.17999267578125,151.71119689941406,152.38169860839844,152.38169860839844,1545492
2026-07-23 11:15:00-04:00,689.27001953125,691.0850219726562,688.155029296875,688.6300048828125,688.6300048828125,1925076,152.38999938964844,155.5500030517578,151.05999755859375,151.7899932861328,151.7899932861328,1696388
2026-07-23 11:30:00-04:00,688.6300048828125,690.6699829101562,687.7999877929688,689.2849731445312,689.2849731445312,1468210,151.8000030517578,155.0,150.6468963623047,152.3907928466797,152.3907928466797,1417419
2026-07-23 11:45:00-04:00,689.260009765625,691.5999755859375,688.9199829101562,691.5599975585938,691.5599975585938,1042336,152.3800048828125,155.2449951171875,151.98500061035156,155.11000061035156,155.11000061035156,1170589
2026-07-23 12:00:00-04:00,691.5900268554688,692.8599853515625,691.2000122070312,692.5599975585938,692.5599975585938,1617354,155.16000366210938,156.1999969482422,153.9600067138672,155.39999389648438,155.39999389648438,1158785
2026-07-23 12:15:00-04:00,692.5599975585938,694.5900268554688,692.0700073242188,694.4199829101562,694.4199829101562,1207408,155.44219970703125,158.92999267578125,154.61000061035156,158.77000427246094,158.77000427246094,1405670
2026-07-23 12:30:00-04:00,694.3900146484375,695.1500244140625,693.810791015625,693.9500122070312,693.9500122070312,896032,158.7100067138672,160.94000244140625,157.6699981689453,158.50070190429688,158.50070190429688,1587366
2026-07-23 12:45:00-04:00,693.905029296875,693.905029296875,692.02001953125,692.8049926757812,692.8049926757812,958255,158.5850067138672,158.60000610351562,154.91000366210938,156.25819396972656,156.25819396972656,1312368
2026-07-23 13:00:00-04:00,692.760009765625,693.2899780273438,691.4915771484375,692.840087890625,692.840087890625,805698,156.2449951171875,156.91000366210938,153.72000122070312,156.11000061035156,156.11000061035156,1024056
2026-07-23 13:15:00-04:00,692.780029296875,693.6500244140625,692.1500244140625,693.139892578125,693.139892578125,608968,155.94000244140625,157.4499969482422,155.6199951171875,156.58999633789062,156.58999633789062,548626
2026-07-23 13:30:00-04:00,693.0,693.1300048828125,691.0800170898438,691.6519775390625,691.6519775390625,606597,156.625,156.75599670410156,153.83009338378906,154.39999389648438,154.39999389648438,658633
2026-07-23 13:45:00-04:00,691.635009765625,692.47998046875,690.9450073242188,691.02001953125,691.02001953125,612489,154.3300018310547,155.60450744628906,153.41000366210938,153.58999633789062,153.58999633789062,546131
2026-07-23 14:00:00-04:00,691.010009765625,691.3400268554688,690.40380859375,690.8289794921875,690.8289794921875,1009697,153.50999450683594,154.0198974609375,152.5,153.28500366210938,153.28500366210938,680543
2026-07-23 14:15:00-04:00,690.8300170898438,691.4099731445312,690.4949951171875,691.1699829101562,691.1699829101562,722154,153.21499633789062,154.10000610351562,152.58999633789062,153.66009521484375,153.66009521484375,500742
2026-07-23 14:30:00-04:00,691.1400146484375,691.8499755859375,690.4299926757812,690.5900268554688,690.5900268554688,706479,153.74000549316406,155.0800018310547,153.13999938964844,153.31500244140625,153.31500244140625,761568
2026-07-23 14:45:00-04:00,690.5700073242188,691.22998046875,689.969970703125,690.5599975585938,690.5599975585938,651050,153.4499969482422,153.9499969482422,151.9600067138672,152.99000549316406,152.99000549316406,873564
2026-07-23 15:00:00-04:00,690.5499877929688,690.9400024414062,689.3499755859375,689.4401245117188,689.4401245117188,742935,153.0,153.39500427246094,151.4499969482422,152.44000244140625,152.44000244140625,791868
2026-07-23 15:15:00-04:00,689.4299926757812,691.5698852539062,689.4299926757812,691.280029296875,691.280029296875,960121,152.44000244140625,156.25570678710938,152.36000061035156,156.22999572753906,156.22999572753906,1937814
2026-07-23 15:30:00-04:00,691.3300170898438,691.6199951171875,689.3300170898438,689.3300170898438,689.3300170898438,939836,156.24000549316406,156.6999969482422,152.88999938964844,152.92999267578125,152.92999267578125,3810471
2026-07-23 15:45:00-04:00,689.3400268554688,692.4299926757812,688.9299926757812,691.9199829101562,691.9199829101562,3774077,152.89999389648438,157.5500030517578,152.42599487304688,157.22000122070312,157.22000122070312,3908377
2026-07-24 09:30:00-04:00,690.25,692.4500122070312,688.5,689.1785278320312,689.1785278320312,3891786,151.4499969482422,154.5,146.02000427246094,149.16949462890625,149.16949462890625,9774148
2026-07-24 09:45:00-04:00,689.1799926757812,689.719970703125,685.0250244140625,685.219970703125,685.219970703125,2786257,149.0800018310547,150.0500030517578,140.3000030517578,141.2899932861328,141.2899932861328,4638739
2026-07-24 10:00:00-04:00,685.1699829101562,688.2899780273438,684.8599853515625,687.5999755859375,687.5999755859375,2315566,141.3000030517578,145.49000549316406,140.16000366210938,144.0301055908203,144.0301055908203,3837362
2026-07-24 10:15:00-04:00,687.5999755859375,687.8499755859375,684.9299926757812,686.8800048828125,686.8800048828125,1421072,144.0399932861328,144.41000366210938,139.24920654296875,142.77999877929688,142.77999877929688,3556115
2026-07-24 10:30:00-04:00,686.9063720703125,686.97998046875,683.739990234375,684.3599853515625,684.3599853515625,1396231,142.86000061035156,143.0,136.52000427246094,138.02239990234375,138.02239990234375,3381707
2026-07-24 10:45:00-04:00,684.39990234375,688.5390014648438,683.5460205078125,688.27001953125,688.27001953125,1411746,137.97500610351562,143.10000610351562,136.27000427246094,142.36000061035156,142.36000061035156,3274696
2026-07-24 11:00:00-04:00,688.2999877929688,689.6799926757812,685.9749755859375,689.3350219726562,689.3350219726562,1617427,142.39999389648438,143.2675018310547,139.0399932861328,142.63999938964844,142.63999938964844,2043795
2026-07-24 11:15:00-04:00,689.3099975585938,690.8499755859375,688.4299926757812,689.4974975585938,689.4974975585938,1720691,142.55999755859375,144.80999755859375,142.0,142.2899932861328,142.2899932861328,2018444
2026-07-24 11:30:00-04:00,689.5,691.2999877929688,689.1199951171875,689.5999755859375,689.5999755859375,1454983,142.3699951171875,145.1199951171875,141.7100067138672,143.0,143.0,1482800
2026-07-24 11:45:00-04:00,689.6400146484375,691.489990234375,689.260009765625,691.2803955078125,691.2803955078125,875318,142.85499572753906,146.86000061035156,142.66119384765625,146.55999755859375,146.55999755859375,1476788
2026-07-24 12:00:00-04:00,691.2999877929688,692.6300048828125,690.6500244140625,691.3499755859375,691.3499755859375,811765,146.55999755859375,148.8000030517578,145.1999969482422,146.57000732421875,146.57000732421875,2128004
2026-07-24 12:15:00-04:00,691.2899780273438,691.72998046875,690.7000122070312,691.1129760742188,691.1129760742188,484420,146.52000427246094,146.87950134277344,144.89999389648438,145.10000610351562,145.10000610351562,1216660
2026-07-24 12:30:00-04:00,691.030029296875,691.1099853515625,689.344970703125,689.4600219726562,689.4600219726562,947867,145.00999450683594,145.1199951171875,142.8105010986328,143.40499877929688,143.40499877929688,1108919
2026-07-24 12:45:00-04:00,689.4515991210938,689.719970703125,688.5050048828125,689.3400268554688,689.3400268554688,829592,143.38999938964844,144.55999755859375,142.3699951171875,144.0800018310547,144.0800018310547,1076921
2026-07-24 13:00:00-04:00,689.3800048828125,689.4758911132812,687.7000122070312,688.4600830078125,688.4600830078125,868601,144.1352996826172,144.14999389648438,141.1699981689453,142.05999755859375,142.05999755859375,975489
2026-07-24 13:15:00-04:00,688.4400024414062,689.989990234375,688.0200805664062,689.7899780273438,689.7899780273438,727494,142.14500427246094,144.5500030517578,141.47000122070312,144.1199951171875,144.1199951171875,909050
2026-07-24 13:30:00-04:00,689.8099975585938,690.5062866210938,688.594970703125,688.60498046875,688.60498046875,529217,144.18499755859375,145.25,142.61000061035156,142.67999267578125,142.67999267578125,975369
2026-07-24 13:45:00-04:00,688.5800170898438,689.489990234375,688.2899780273438,688.6500244140625,688.6500244140625,536807,142.70010375976562,143.75,142.03199768066406,142.3704071044922,142.3704071044922,637984
2026-07-24 14:00:00-04:00,688.6599731445312,689.1099853515625,687.5399780273438,687.7000122070312,687.7000122070312,531155,142.3350067138672,142.8800048828125,140.6999969482422,140.91000366210938,140.91000366210938,729468
2026-07-24 14:15:00-04:00,687.6500244140625,687.7399291992188,685.4500122070312,685.4849853515625,685.4849853515625,1358485,140.8300018310547,141.0,138.22999572753906,138.39999389648438,138.39999389648438,1359268
2026-07-24 14:30:00-04:00,685.5175170898438,685.719970703125,683.6300048828125,684.0399780273438,684.0399780273438,2084885,138.47999572753906,138.66000366210938,135.8000030517578,136.3800048828125,136.3800048828125,2496400
2026-07-24 14:45:00-04:00,684.02001953125,685.27001953125,683.9000244140625,684.6798706054688,684.6798706054688,1973625,136.4550018310547,138.10000610351562,136.16009521484375,136.6699981689453,136.6699981689453,1494638
2026-07-24 15:00:00-04:00,684.6400146484375,685.2969970703125,682.6300048828125,682.6699829101562,682.6699829101562,1568932,136.8000030517578,137.38999938964844,133.0,133.23500061035156,133.23500061035156,3455564
2026-07-24 15:15:00-04:00,682.6710205078125,683.780029296875,682.47998046875,683.469970703125,683.469970703125,1301611,133.22999572753906,136.3000030517578,132.5500030517578,135.75,135.75,3168076
2026-07-24 15:30:00-04:00,683.47998046875,684.6599731445312,683.1199951171875,684.0,684.0,1768404,135.88490295410156,137.25,134.55999755859375,135.720703125,135.720703125,5052900
2026-07-24 15:45:00-04:00,684.0,684.510009765625,682.760009765625,684.219970703125,684.219970703125,3928559,135.72999572753906,137.0,133.74000549316406,136.7899932861328,136.7899932861328,6332500
2026-07-27 09:30:00-04:00,691.719970703125,692.260009765625,687.739990234375,688.35498046875,688.35498046875,3870069,140.06309509277344,142.1898956298828,133.39329528808594,135.21499633789062,135.21499633789062,11110956
2026-07-27 09:45:00-04:00,688.39501953125,689.5800170898438,685.6727294921875,685.7999877929688,685.7999877929688,1667151,135.30999755859375,137.5,131.77000427246094,132.43499755859375,132.43499755859375,3562858
2026-07-27 10:00:00-04:00,685.8300170898438,686.3699951171875,682.969970703125,683.47998046875,683.47998046875,2881197,132.38999938964844,132.9499969482422,126.12090301513672,126.23079681396484,126.23079681396484,5280547
2026-07-27 10:15:00-04:00,683.5599975585938,684.5999755859375,679.27001953125,679.4600219726562,679.4600219726562,2646215,126.33000183105469,127.6500015258789,120.7300033569336,120.98989868164062,120.98989868164062,4807904
2026-07-27 10:30:00-04:00,679.4600219726562,679.9099731445312,675.9450073242188,676.4000244140625,676.4000244140625,3309932,120.9000015258789,121.30000305175781,115.44999694824219,116.68499755859375,116.68499755859375,8189343
2026-07-27 10:45:00-04:00,676.3900146484375,681.739990234375,676.3900146484375,681.469970703125,681.469970703125,1967767,116.69999694824219,124.87999725341797,116.69999694824219,124.43499755859375,124.43499755859375,7243194
2026-07-27 11:00:00-04:00,681.52001953125,682.1503295898438,680.3300170898438,680.424072265625,680.424072265625,1411741,124.5,125.37989807128906,120.19000244140625,120.19000244140625,120.19000244140625,4403451
2026-07-27 11:15:00-04:00,680.3900146484375,681.0399780273438,678.530029296875,679.1199951171875,679.1199951171875,1336002,120.20999908447266,121.83000183105469,117.25,118.05999755859375,118.05999755859375,4205934
2026-07-27 11:30:00-04:00,679.219970703125,679.4099731445312,676.9099731445312,678.3499755859375,678.3499755859375,1095201,118.0999984741211,118.59989929199219,116.15499877929688,117.76750183105469,117.76750183105469,3089494
2026-07-27 11:45:00-04:00,678.3599853515625,679.155029296875,677.2949829101562,678.8800048828125,678.8800048828125,704373,117.75559997558594,119.94999694824219,116.63999938964844,119.76010131835938,119.76010131835938,2187911
2026-07-27 12:00:00-04:00,678.9199829101562,681.0999755859375,678.7999877929688,679.2899780273438,679.2899780273438,1116583,119.81999969482422,122.5999984741211,119.2699966430664,120.58999633789062,120.58999633789062,2378239
2026-07-27 12:15:00-04:00,679.3200073242188,682.3400268554688,678.47998046875,681.094970703125,681.094970703125,1694522,120.62989807128906,124.63999938964844,119.69010162353516,123.31999969482422,123.31999969482422,2320228
2026-07-27 12:30:00-04:00,681.1099853515625,682.1300048828125,680.1500244140625,680.6801147460938,680.6801147460938,1110527,123.39990234375,124.98999786376953,121.4000015258789,123.46179962158203,123.46179962158203,1888446
2026-07-27 12:45:00-04:00,680.6300048828125,681.1589965820312,678.0499877929688,678.5399780273438,678.5399780273438,1001647,123.42500305175781,124.3499984741211,120.0,120.69499969482422,120.69499969482422,1464392
2026-07-27 13:00:00-04:00,678.5700073242188,678.739990234375,677.25,678.2449951171875,678.2449951171875,973143,120.76000213623047,121.0,119.2300033569336,120.27999877929688,120.27999877929688,1331432
2026-07-27 13:15:00-04:00,678.2000122070312,678.4099731445312,677.0800170898438,677.3900146484375,677.3900146484375,896148,120.2699966430664,120.37999725341797,118.5999984741211,119.01069641113281,119.01069641113281,1105788
2026-07-27 13:30:00-04:00,677.3900146484375,678.9099731445312,677.3400268554688,678.219970703125,678.219970703125,764958,119.11000061035156,121.06999969482422,118.97000122070312,120.03500366210938,120.03500366210938,1013143
2026-07-27 13:45:00-04:00,678.260009765625,679.9299926757812,677.718017578125,679.8499755859375,679.8499755859375,588716,120.0801010131836,122.19999694824219,119.43000030517578,122.0,122.0,988762
2026-07-27 14:00:00-04:00,679.989990234375,680.2999877929688,679.4600219726562,679.8300170898438,679.8300170898438,763873,122.13999938964844,122.69999694824219,121.58000183105469,122.25,122.25,937122
2026-07-27 14:15:00-04:00,679.8400268554688,679.9099731445312,678.6019897460938,679.3400268554688,679.3400268554688,979760,122.36000061035156,122.4000015258789,120.72000122070312,122.13999938964844,122.13999938964844,950112
2026-07-27 14:30:00-04:00,679.3599853515625,679.510009765625,677.8499755859375,679.2999877929688,679.2999877929688,1038067,122.12999725341797,122.13999938964844,120.31999969482422,122.0,122.0,1031721
2026-07-27 14:45:00-04:00,679.3800048828125,682.0,679.0499877929688,681.9349975585938,681.9349975585938,995828,121.97000122070312,125.24859619140625,121.22000122070312,125.08000183105469,125.08000183105469,1323739
2026-07-27 15:00:00-04:00,681.9381103515625,683.030029296875,681.4199829101562,682.27001953125,682.27001953125,1084427,125.0999984741211,128.1699981689453,124.7699966430664,127.04720306396484,127.04720306396484,3103797
2026-07-27 15:15:00-04:00,682.25,683.3699951171875,682.1300048828125,683.280029296875,683.280029296875,1349509,127.03500366210938,129.6999969482422,126.9000015258789,129.69639587402344,129.69639587402344,2424761
2026-07-27 15:30:00-04:00,683.3499145507812,683.5999755859375,681.5800170898438,681.6799926757812,681.6799926757812,1480597,129.6999969482422,130.1999969482422,126.78009796142578,127.16000366210938,127.16000366210938,5217282
2026-07-27 15:45:00-04:00,681.6699829101562,682.3200073242188,681.1649780273438,682.0599975585938,682.0599975585938,3068811,127.11000061035156,128.35000610351562,126.5999984741211,128.08999633789062,128.08999633789062,5615878
2026-07-28 09:30:00-04:00,676.1900024414062,677.2999877929688,670.8300170898438,671.3499755859375,671.3499755859375,7519751,112.3499984741211,114.56999969482422,105.2699966430664,106.63999938964844,106.63999938964844,24277101
2026-07-28 09:45:00-04:00,671.3300170898438,672.530029296875,668.8563842773438,669.3800048828125,669.3800048828125,3884203,106.66999816894531,109.24949645996094,104.04000091552734,105.52439880371094,105.52439880371094,10660915
2026-07-28 10:00:00-04:00,669.3300170898438,672.4329833984375,668.02001953125,668.530029296875,668.530029296875,2560807,105.48500061035156,109.5,103.2699966430664,103.66999816894531,103.66999816894531,7528130
2026-07-28 10:15:00-04:00,668.510009765625,670.6400146484375,667.8800048828125,670.3699951171875,670.3699951171875,2980258,103.66999816894531,104.98999786376953,101.52999877929688,104.40950012207031,104.40950012207031,8596204
2026-07-28 10:30:00-04:00,670.3900146484375,672.4600219726562,669.4500122070312,671.9600219726562,671.9600219726562,1781244,104.30000305175781,107.33999633789062,103.12999725341797,106.17500305175781,106.17500305175781,5073557
2026-07-28 10:45:00-04:00,671.9199829101562,674.8300170898438,671.3099975585938,672.7100219726562,672.7100219726562,2132003,106.16999816894531,110.46990203857422,105.12000274658203,107.0999984741211,107.0999984741211,5957712
2026-07-28 11:00:00-04:00,672.7100219726562,674.60009765625,671.8300170898438,673.9199829101562,673.9199829101562,1820565,107.1449966430664,108.71499633789062,105.69000244140625,107.3279037475586,107.3279037475586,3011950
2026-07-28 11:15:00-04:00,673.8900146484375,677.75,673.530029296875,676.6400146484375,676.6400146484375,2272568,107.27999877929688,111.51000213623047,106.5999984741211,109.33499908447266,109.33499908447266,4990678
2026-07-28 11:30:00-04:00,676.6300048828125,678.3099975585938,676.219970703125,678.22998046875,678.22998046875,1283603,109.3499984741211,113.11000061035156,109.0,112.92500305175781,112.92500305175781,3609373
2026-07-28 11:45:00-04:00,678.22998046875,678.97998046875,677.72998046875,678.5900268554688,678.5900268554688,1200961,112.91000366210938,114.75,112.2699966430664,113.27999877929688,113.27999877929688,3623194
2026-07-28 12:00:00-04:00,678.6300048828125,679.1300048828125,677.3800048828125,677.6500244140625,677.6500244140625,1743114,113.30000305175781,114.77999877929688,111.0999984741211,111.45010375976562,111.45010375976562,3071274
2026-07-28 12:15:00-04:00,677.6199951171875,678.5499877929688,677.0800170898438,677.3046875,677.3046875,1254732,111.50800323486328,112.4000015258789,110.3499984741211,111.1500015258789,111.1500015258789,1865077
2026-07-28 12:30:00-04:00,677.3590087890625,678.489990234375,676.3300170898438,678.2899780273438,678.2899780273438,1492760,111.15010070800781,112.4800033569336,108.70500183105469,112.19000244140625,112.19000244140625,3040708
2026-07-28 12:45:00-04:00,678.2449951171875,679.4000244140625,677.3150024414062,678.8099975585938,678.8099975585938,765165,112.19000244140625,113.69999694824219,111.30010223388672,112.52169799804688,112.52169799804688,2109646
2026-07-28 13:00:00-04:00,678.8200073242188,679.0299072265625,676.7000122070312,677.1400146484375,677.1400146484375,908313,112.5,113.12999725341797,110.33999633789062,110.87000274658203,110.87000274658203,1314740
2026-07-28 13:15:00-04:00,677.1799926757812,678.5399780273438,676.8099975585938,677.4000244140625,677.4000244140625,644792,110.87000274658203,112.08999633789062,110.44010162353516,110.96369934082031,110.96369934082031,1048334
2026-07-28 13:30:00-04:00,677.375,678.4500122070312,676.2349853515625,676.3499755859375,676.3499755859375,1009481,110.91999816894531,112.18000030517578,109.30000305175781,109.38500213623047,109.38500213623047,1145915
2026-07-28 13:45:00-04:00,676.3400268554688,677.1019897460938,675.6500244140625,676.774169921875,676.774169921875,642848,109.35009765625,109.7699966430664,108.5,109.54000091552734,109.54000091552734,1292460
2026-07-28 14:00:00-04:00,676.8400268554688,677.4401245117188,675.4000244140625,675.4401245117188,675.4401245117188,810887,109.55500030517578,110.39119720458984,108.5,108.5,108.5,1029493
2026-07-28 14:15:00-04:00,675.47998046875,676.2000122070312,675.3499755859375,675.64501953125,675.64501953125,1027117,108.5,109.33000183105469,108.33999633789062,108.60079956054688,108.60079956054688,856417
2026-07-28 14:30:00-04:00,675.6799926757812,676.5700073242188,675.5599975585938,675.9299926757812,675.9299926757812,719981,108.6500015258789,110.04000091552734,108.55000305175781,109.20999908447266,109.20999908447266,1235067
2026-07-28 14:45:00-04:00,675.97998046875,676.9600219726562,675.7410278320312,676.8004760742188,676.8004760742188,560429,109.29000091552734,110.32990264892578,108.92009735107422,110.08499908447266,110.08499908447266,1008893
2026-07-28 15:00:00-04:00,676.8200073242188,678.010009765625,676.7849731445312,677.155029296875,677.155029296875,916837,110.04000091552734,112.5,110.0199966430664,112.2300033569336,112.2300033569336,2336336
2026-07-28 15:15:00-04:00,677.1300048828125,678.010009765625,676.6699829101562,677.9099731445312,677.9099731445312,871389,112.19999694824219,114.6500015258789,111.30999755859375,114.52999877929688,114.52999877929688,3491896
2026-07-28 15:30:00-04:00,677.9500122070312,678.0599975585938,676.1082763671875,676.3900146484375,676.3900146484375,1721194,114.5199966430664,114.94999694824219,111.22129821777344,111.6500015258789,111.6500015258789,5865158
2026-07-28 15:45:00-04:00,676.3800048828125,677.1699829101562,675.280029296875,675.5,675.5,3841508,111.63999938964844,113.02999877929688,109.27999877929688,109.51000213623047,109.51000213623047,7550936
2026-07-29 09:30:00-04:00,675.4600219726562,677.4600219726562,673.6199951171875,675.5700073242188,675.5700073242188,4278150,107.62000274658203,112.66850280761719,106.0,109.81999969482422,109.81999969482422,23182536
2026-07-29 09:45:00-04:00,675.5399780273438,676.2849731445312,669.5599975585938,671.1898803710938,671.1898803710938,2183301,109.77999877929688,110.23999786376953,100.58999633789062,102.30000305175781,102.30000305175781,7273307
2026-07-29 10:00:00-04:00,671.1900024414062,673.4000244140625,668.8200073242188,669.114990234375,669.114990234375,2078639,102.31999969482422,105.11000061035156,100.36000061035156,100.70999908447266,100.70999908447266,6381043
2026-07-29 10:15:00-04:00,669.1400146484375,670.3300170898438,666.4849853515625,667.280029296875,667.280029296875,1801203,100.72000122070312,102.19999694824219,97.06999969482422,98.1697006225586,98.1697006225586,6453278
2026-07-29 10:30:00-04:00,667.27001953125,669.2000122070312,665.77001953125,666.4400024414062,666.4400024414062,1704723,98.22899627685547,100.0,95.51000213623047,95.91000366210938,95.91000366210938,5617630
2026-07-29 10:45:00-04:00,666.4400024414062,668.3499755859375,665.989990234375,668.0,668.0,1163545,95.9000015258789,99.70999908447266,95.66400146484375,99.0,99.0,5592028
2026-07-29 11:00:00-04:00,667.989990234375,669.2999877929688,667.1199951171875,667.3800048828125,667.3800048828125,903330,99.00879669189453,100.93000030517578,97.3499984741211,97.81050109863281,97.81050109863281,5333660
2026-07-29 11:15:00-04:00,667.39501953125,668.52001953125,666.7100219726562,666.8300170898438,666.8300170898438,712423,97.86000061035156,99.22000122070312,96.9000015258789,97.04000091552734,97.04000091552734,2070670
2026-07-29 11:30:00-04:00,666.8800048828125,667.8099975585938,665.9600219726562,666.2999877929688,666.2999877929688,1001486,97.0,97.48999786376953,95.69999694824219,96.08999633789062,96.08999633789062,2118581
2026-07-29 11:45:00-04:00,666.3189697265625,667.0800170898438,664.6400146484375,665.9299926757812,665.9299926757812,1409869,96.02999877929688,96.54000091552734,93.72000122070312,95.62999725341797,95.62999725341797,4428181
2026-07-29 12:00:00-04:00,665.989990234375,666.4600219726562,663.5599975585938,663.5900268554688,663.5900268554688,1273383,95.62999725341797,96.4000015258789,92.54000091552734,92.56009674072266,92.56009674072266,4581627
2026-07-29 12:15:00-04:00,663.5599975585938,666.8400268554688,663.2999877929688,666.780029296875,666.780029296875,1677044,92.58999633789062,95.51899719238281,92.41010284423828,95.25,95.25,3158046
2026-07-29 12:30:00-04:00,666.7000122070312,667.5604248046875,665.1500244140625,665.5800170898438,665.5800170898438,1256390,95.20999908447266,96.05000305175781,93.66000366210938,93.94999694824219,93.94999694824219,2299926
2026-07-29 12:45:00-04:00,665.5501098632812,667.97998046875,665.239990234375,667.9400024414062,667.9400024414062,1472860,93.97869873046875,95.90989685058594,93.80000305175781,95.71499633789062,95.71499633789062,1604966
2026-07-29 13:00:00-04:00,668.0,671.2000122070312,667.8200073242188,671.1400146484375,671.1400146484375,1442955,95.7300033569336,99.293701171875,95.47000122070312,99.25,99.25,3715727
2026-07-29 13:15:00-04:00,671.2000122070312,671.510009765625,669.1099853515625,669.1099853515625,669.1099853515625,1497498,99.25,99.5,96.88999938964844,97.05000305175781,97.05000305175781,2248099
2026-07-29 13:30:00-04:00,669.22998046875,670.1799926757812,668.5999755859375,669.8300170898438,669.8300170898438,802035,97.0250015258789,98.62999725341797,96.72000122070312,97.94999694824219,97.94999694824219,1272242
2026-07-29 13:45:00-04:00,669.8300170898438,670.9299926757812,669.2100219726562,670.7999877929688,670.7999877929688,1084603,97.97000122070312,99.0947036743164,97.23999786376953,98.29949951171875,98.29949951171875,1402855
2026-07-29 14:00:00-04:00,670.4299926757812,674.9000244140625,670.4299926757812,672.7999877929688,672.7999877929688,3751089,98.31999969482422,103.29989624023438,98.31999969482422,101.22000122070312,101.22000122070312,7306970
2026-07-29 14:15:00-04:00,672.75,673.7999877929688,671.030029296875,672.1900024414062,672.1900024414062,1073896,101.12999725341797,102.33000183105469,98.3499984741211,99.5999984741211,99.5999984741211,2567554
2026-07-29 14:30:00-04:00,672.1699829101562,677.3004150390625,670.6301879882812,677.0,677.0,2449738,99.58999633789062,105.5199966430664,98.16000366210938,104.88999938964844,104.88999938964844,5039870
2026-07-29 14:45:00-04:00,677.030029296875,679.9500122070312,676.6799926757812,679.010009765625,679.010009765625,2116166,104.92250061035156,107.88020324707031,104.54000091552734,107.66999816894531,107.66999816894531,4838007
2026-07-29 15:00:00-04:00,679.0648193359375,680.0499877929688,673.8674926757812,675.4600219726562,675.4600219726562,2185161,107.69999694824219,109.25,103.25,104.67500305175781,104.67500305175781,4290180
2026-07-29 15:15:00-04:00,675.5,676.2150268554688,669.0900268554688,670.77001953125,670.77001953125,2310586,104.70999908447266,105.4000015258789,99.0,101.3499984741211,101.3499984741211,4810860
2026-07-29 15:30:00-04:00,670.77001953125,671.5679931640625,664.7000122070312,665.0499877929688,665.0499877929688,2505946,101.45999908447266,102.8499984741211,95.62999725341797,96.12000274658203,96.12000274658203,7435951
2026-07-29 15:45:00-04:00,665.02001953125,665.969970703125,661.14501953125,661.6300048828125,661.6300048828125,6445202,96.0,96.97000122070312,91.5,92.01000213623047,92.01000213623047,10841555
2026-07-30 09:30:00-04:00,674.6900024414062,677.6900024414062,673.2999877929688,677.25,677.25,6855136,107.37999725341797,109.25,105.12000274658203,108.93000030517578,108.93000030517578,30278258
2026-07-30 09:45:00-04:00,677.25,681.6500244140625,677.1699829101562,681.5150146484375,681.5150146484375,3811882,108.88999938964844,113.87999725341797,108.66999816894531,113.60009765625,113.60009765625,8268756
2026-07-30 10:00:00-04:00,681.489990234375,682.3200073242188,679.4105224609375,680.4099731445312,680.4099731445312,2719776,113.66500091552734,114.77999877929688,110.83999633789062,112.52989959716797,112.52989959716797,6481747
2026-07-30 10:15:00-04:00,680.4210205078125,683.6400146484375,679.75,683.219970703125,683.219970703125,2553295,112.52999877929688,117.33000183105469,112.10009765625,117.23999786376953,117.23999786376953,5675335
2026-07-30 10:30:00-04:00,683.260009765625,683.7100219726562,681.6699829101562,682.030029296875,682.030029296875,1543065,117.23999786376953,118.0,115.0999984741211,115.45999908447266,115.45999908447266,4879903
2026-07-30 10:45:00-04:00,682.0250244140625,682.530029296875,678.3599853515625,679.530029296875,679.530029296875,2652068,115.4800033569336,116.19000244140625,111.68000030517578,113.01010131835938,113.01010131835938,5327433
2026-07-30 11:00:00-04:00,679.5,681.1500244140625,678.1300048828125,678.4500122070312,678.4500122070312,2128748,113.06999969482422,115.56999969482422,112.0,113.57499694824219,113.57499694824219,3464448
2026-07-30 11:15:00-04:00,678.4299926757812,680.260009765625,677.75,678.1950073242188,678.1950073242188,1210201,113.52999877929688,114.8759994506836,112.5,113.0,113.0,2008127
2026-07-30 11:30:00-04:00,678.1599731445312,680.469970703125,677.9000244140625,679.989990234375,679.989990234375,1456712,113.04000091552734,114.0,112.66000366210938,113.31999969482422,113.31999969482422,1736535
2026-07-30 11:45:00-04:00,680.0599975585938,681.1099853515625,679.0800170898438,679.7899780273438,679.7899780273438,1979881,113.41999816894531,114.48999786376953,112.9000015258789,113.5199966430664,113.5199966430664,1581642
2026-07-30 12:00:00-04:00,679.77001953125,682.469970703125,679.3200073242188,682.3699951171875,682.3699951171875,2098307,113.43000030517578,116.2699966430664,113.05999755859375,116.11000061035156,116.11000061035156,1862810
2026-07-30 12:15:00-04:00,682.3699951171875,682.5499877929688,681.2899780273438,681.3499755859375,681.3499755859375,2373952,116.12000274658203,116.30999755859375,114.81999969482422,114.88999938964844,114.88999938964844,1446057
2026-07-30 12:30:00-04:00,681.35498046875,681.489990234375,679.25,679.5499877929688,679.5499877929688,1850244,114.86000061035156,115.0199966430664,112.51899719238281,112.75499725341797,112.75499725341797,1601962
2026-07-30 12:45:00-04:00,679.5399780273438,681.1699829101562,679.5,680.9600219726562,680.9600219726562,1479178,112.76000213623047,114.58000183105469,112.73999786376953,114.41500091552734,114.41500091552734,1233913
2026-07-30 13:00:00-04:00,680.969970703125,682.3300170898438,680.9500122070312,681.739990234375,681.739990234375,2589953,114.44129943847656,115.36000061035156,114.44000244140625,114.5999984741211,114.5999984741211,1010217
2026-07-30 13:15:00-04:00,681.760009765625,682.89111328125,681.6900024414062,681.97998046875,681.97998046875,1417047,114.5999984741211,115.95999908447266,114.55860137939453,114.95999908447266,114.95999908447266,1171446
2026-07-30 13:30:00-04:00,682.0,682.6823120117188,681.27001953125,682.4232788085938,682.4232788085938,1363914,114.98999786376953,115.26000213623047,114.1500015258789,114.9800033569336,114.9800033569336,878502
2026-07-30 13:45:00-04:00,682.4500122070312,682.9199829101562,681.8900146484375,682.1699829101562,682.1699829101562,1071008,114.88999938964844,115.3499984741211,114.21330261230469,114.54000091552734,114.54000091552734,714909
2026-07-30 14:00:00-04:00,682.219970703125,682.8499755859375,681.9600219726562,682.75,682.75,572786,114.55000305175781,114.98909759521484,114.23999786376953,114.58999633789062,114.58999633789062,522330
2026-07-30 14:15:00-04:00,682.760009765625,682.8200073242188,681.8400268554688,682.3300170898438,682.3300170898438,1226856,114.6500015258789,114.72989654541016,113.318603515625,114.06999969482422,114.06999969482422,1108670
2026-07-30 14:30:00-04:00,682.3250122070312,682.72998046875,681.510009765625,681.969970703125,681.969970703125,887143,114.11000061035156,114.38760375976562,113.05000305175781,113.4000015258789,113.4000015258789,933397
2026-07-30 14:45:00-04:00,681.969970703125,682.4500122070312,681.6699829101562,682.3099975585938,682.3099975585938,1342740,113.44499969482422,113.7699966430664,112.62000274658203,113.2886962890625,113.2886962890625,1245342
2026-07-30 15:00:00-04:00,682.3099975585938,685.0399780273438,682.2899780273438,684.5800170898438,684.5800170898438,1833338,113.26000213623047,116.44000244140625,113.26000213623047,115.91000366210938,115.91000366210938,2444542
2026-07-30 15:15:00-04:00,684.5599975585938,685.1199951171875,683.780029296875,683.8400268554688,683.8400268554688,2240128,115.87999725341797,116.58000183105469,114.60009765625,114.66000366210938,114.66000366210938,2389118
2026-07-30 15:30:00-04:00,683.8200073242188,684.1497802734375,683.25,683.5999755859375,683.5999755859375,2789902,114.6500015258789,115.55000305175781,114.44999694824219,115.37000274658203,115.37000274658203,5350295
2026-07-30 15:45:00-04:00,683.6099853515625,684.3499755859375,682.9000244140625,683.5999755859375,683.5999755859375,7274389,115.36000061035156,115.80999755859375,114.5,115.06999969482422,115.06999969482422,5843929
2026-07-31 09:30:00-04:00,692.1199951171875,695.77001953125,688.1799926757812,688.2249755859375,688.2249755859375,6935338,129.89999389648438,133.8800048828125,121.13999938964844,121.20240020751953,121.20240020751953,28553514
2026-07-31 09:45:00-04:00,688.280029296875,689.5800170898438,685.2899780273438,686.7899780273438,686.7899780273438,4375199,121.27999877929688,123.91000366210938,117.68000030517578,121.05500030517578,121.05500030517578,10842950
2026-07-31 10:00:00-04:00,686.760009765625,687.5800170898438,680.52001953125,681.4600219726562,681.4600219726562,4284117,121.0,121.55999755859375,112.41999816894531,115.20999908447266,115.20999908447266,9166607
2026-07-31 10:15:00-04:00,681.4500122070312,684.3499145507812,680.0512084960938,684.2000122070312,684.2000122070312,2434813,115.2698974609375,120.0,113.29000091552734,119.69000244140625,119.69000244140625,6517621
2026-07-31 10:30:00-04:00,684.239990234375,685.27001953125,683.239990234375,684.614990234375,684.614990234375,1999676,119.62000274658203,121.55000305175781,118.18009948730469,119.15499877929688,119.15499877929688,4386292
2026-07-31 10:45:00-04:00,684.6500244140625,686.510009765625,683.8662109375,685.6099853515625,685.6099853515625,2641878,119.25,121.59989929199219,117.51000213623047,120.12999725341797,120.12999725341797,3117311
2026-07-31 11:00:00-04:00,685.6300048828125,686.4299926757812,683.3300170898438,684.630126953125,684.630126953125,1213203,120.12999725341797,121.43000030517578,117.0,118.37999725341797,118.37999725341797,2306118
2026-07-31 11:15:00-04:00,684.6599731445312,686.2999877929688,681.0700073242188,681.77001953125,681.77001953125,1354311,118.372802734375,120.56999969482422,114.08000183105469,115.81999969482422,115.81999969482422,2853817
2026-07-31 11:30:00-04:00,681.719970703125,684.4000854492188,680.9400024414062,683.280029296875,683.280029296875,1020407,115.73999786376953,118.55999755859375,114.58979797363281,116.62000274658203,116.62000274658203,2718033
2026-07-31 11:45:00-04:00,683.3300170898438,685.25,682.1500244140625,684.7863159179688,684.7863159179688,901678,116.66000366210938,118.37999725341797,115.135498046875,117.20999908447266,117.20999908447266,1940022
2026-07-31 12:00:00-04:00,684.75,685.5999755859375,684.02001953125,685.3900146484375,685.3900146484375,848810,117.16000366210938,118.12999725341797,116.18000030517578,117.27999877929688,117.27999877929688,1376252
2026-07-31 12:15:00-04:00,685.4199829101562,686.9299926757812,684.3599853515625,686.9299926757812,686.9299926757812,886834,117.3499984741211,119.0,116.05000305175781,119.0,119.0,1239166
2026-07-31 12:30:00-04:00,686.9500122070312,687.5499877929688,685.780029296875,685.9400024414062,685.9400024414062,1213020,119.0,119.87999725341797,116.95999908447266,117.21499633789062,117.21499633789062,2069004
2026-07-31 12:45:00-04:00,685.9249877929688,687.625,685.6300048828125,687.0700073242188,687.0700073242188,688780,117.1500015258789,119.4000015258789,116.7699966430664,118.6500015258789,118.6500015258789,1234444
2026-07-31 13:00:00-04:00,687.0399780273438,688.1400146484375,686.8900146484375,687.9099731445312,687.9099731445312,816553,118.55999755859375,119.62999725341797,118.25550079345703,119.30010223388672,119.30010223388672,1000621
2026-07-31 13:15:00-04:00,687.9199829101562,689.719970703125,687.7650146484375,689.3599853515625,689.3599853515625,809451,119.30000305175781,120.97000122070312,118.7782974243164,120.5199966430664,120.5199966430664,1999935
2026-07-31 13:30:00-04:00,689.3699951171875,690.3499755859375,688.9099731445312,689.2349853515625,689.2349853515625,940727,120.44010162353516,121.9000015258789,119.8499984741211,120.47000122070312,120.47000122070312,2158606
2026-07-31 13:45:00-04:00,689.25,689.7000122070312,688.2650146484375,688.5750122070312,688.5750122070312,1390812,120.43000030517578,121.0999984741211,119.3499984741211,119.79000091552734,119.79000091552734,1143331
2026-07-31 14:00:00-04:00,688.5650024414062,689.27001953125,687.760009765625,687.969970703125,687.969970703125,661359,119.80999755859375,120.2699966430664,117.60050201416016,117.83000183105469,117.83000183105469,1151247
2026-07-31 14:15:00-04:00,687.9099731445312,688.969970703125,687.8499755859375,688.3800048828125,688.3800048828125,662004,117.80000305175781,119.0999984741211,117.69000244140625,118.59500122070312,118.59500122070312,851414
2026-07-31 14:30:00-04:00,688.5800170898438,689.0150146484375,688.27001953125,688.6599731445312,688.6599731445312,625447,118.6500015258789,119.25,118.38999938964844,118.8550033569336,118.8550033569336,681799
2026-07-31 14:45:00-04:00,688.6500244140625,689.3900146484375,688.27001953125,688.7100219726562,688.7100219726562,662646,118.8499984741211,119.56950378417969,118.12999725341797,118.80999755859375,118.80999755859375,744553
2026-07-31 15:00:00-04:00,688.7000122070312,689.27001953125,688.030029296875,688.6405029296875,688.6405029296875,911910,118.80000305175781,119.47000122070312,117.33000183105469,118.08999633789062,118.08999633789062,1703693
2026-07-31 15:15:00-04:00,688.6699829101562,690.25,688.5499877929688,689.7000122070312,689.7000122070312,1537499,118.07499694824219,119.27999877929688,117.73999786376953,118.68000030517578,118.68000030517578,1727446
2026-07-31 15:30:00-04:00,689.6699829101562,689.8800048828125,688.7100219726562,689.719970703125,689.719970703125,1873214,118.63999938964844,118.91999816894531,117.0999984741211,118.1050033569336,118.1050033569336,2454356
2026-07-31 15:45:00-04:00,689.739990234375,690.8800048828125,687.47998046875,688.010009765625,688.010009765625,3094971,118.1500015258789,119.0,114.61000061035156,114.61000061035156,114.61000061035156,4930585
2026-08-03 09:30:00-04:00,687.0,691.28369140625,685.8200073242188,690.1400146484375,690.1400146484375,4695953,106.1500015258789,109.0,102.08999633789062,104.55000305175781,104.55000305175781,21165445
2026-08-03 09:45:00-04:00,690.1599731445312,693.4000244140625,688.9500122070312,693.3049926757812,693.3049926757812,1721546,104.58999633789062,107.5,102.11009979248047,107.45500183105469,107.45500183105469,5304028
2026-08-03 10:00:00-04:00,693.2100219726562,693.4000244140625,691.0800170898438,692.0,692.0,1552647,107.43000030517578,108.3499984741211,104.41000366210938,106.43499755859375,106.43499755859375,4720723
2026-08-03 10:15:00-04:00,692.010009765625,694.75,691.7520141601562,694.6199951171875,694.6199951171875,1661756,106.45700073242188,111.6500015258789,105.9000015258789,111.45999908447266,111.45999908447266,5093794
2026-08-03 10:30:00-04:00,694.6699829101562,696.0,694.219970703125,695.3099975585938,695.3099975585938,1781987,111.51499938964844,113.5,110.68000030517578,111.95999908447266,111.95999908447266,4384757
2026-08-03 10:45:00-04:00,695.3599853515625,697.6900024414062,695.1599731445312,697.5850219726562,697.5850219726562,2522546,111.81009674072266,116.94000244140625,111.2699966430664,116.27999877929688,116.27999877929688,4305112
2026-08-03 11:00:00-04:00,697.5900268554688,697.5900268554688,696.25,696.489990234375,696.489990234375,1607724,116.2300033569336,116.27999877929688,112.41000366210938,112.91999816894531,112.91999816894531,3300068
2026-08-03 11:15:00-04:00,696.4739990234375,697.47998046875,695.6599731445312,695.9199829101562,695.9199829101562,1382732,112.87999725341797,114.51000213623047,110.59010314941406,110.88999938964844,110.88999938964844,2591032
2026-08-03 11:30:00-04:00,695.9500122070312,697.27001953125,695.875,697.1099853515625,697.1099853515625,868320,110.9000015258789,113.11000061035156,110.75,112.79000091552734,112.79000091552734,2250871
2026-08-03 11:45:00-04:00,697.1593017578125,697.8679809570312,696.97998046875,697.3800048828125,697.3800048828125,992065,112.8499984741211,114.3499984741211,112.70999908447266,113.58000183105469,113.58000183105469,1520786
2026-08-03 12:00:00-04:00,697.5,698.0700073242188,697.342529296875,697.9000244140625,697.9000244140625,1196875,113.55999755859375,114.91329956054688,113.55999755859375,114.12000274658203,114.12000274658203,1502990
2026-08-03 12:15:00-04:00,697.8900146484375,698.6923828125,697.864990234375,698.489990234375,698.489990234375,1028725,114.127197265625,115.69000244140625,113.98079681396484,114.10040283203125,114.10040283203125,1527492
2026-08-03 12:30:00-04:00,698.47998046875,698.6699829101562,697.8699951171875,698.4199829101562,698.4199829101562,1345553,114.1500015258789,114.26000213623047,112.60009765625,113.37999725341797,113.37999725341797,1301828
2026-08-03 12:45:00-04:00,698.405029296875,698.6165161132812,698.0499877929688,698.0599975585938,698.0599975585938,499359,113.37999725341797,114.12999725341797,112.94000244140625,113.03500366210938,113.03500366210938,898099
2026-08-03 13:00:00-04:00,698.1099853515625,699.0800170898438,697.8900146484375,698.97998046875,698.97998046875,590080,113.03500366210938,114.86000061035156,112.73269653320312,114.43000030517578,114.43000030517578,1012982
2026-08-03 13:15:00-04:00,698.9400024414062,699.7598266601562,698.9199829101562,699.6699829101562,699.6699829101562,1204419,114.43000030517578,115.0989990234375,114.30000305175781,114.98999786376953,114.98999786376953,1010507
2026-08-03 13:30:00-04:00,699.6699829101562,699.8699951171875,699.4000244140625,699.7000122070312,699.7000122070312,1602312,114.98999786376953,115.78160095214844,114.75980377197266,115.54000091552734,115.54000091552734,1053100
2026-08-03 13:45:00-04:00,699.6900024414062,700.5599975585938,699.6699829101562,700.4600219726562,700.4600219726562,1527525,115.54499816894531,117.54109954833984,115.38999938964844,117.5199966430664,117.5199966430664,1562641
2026-08-03 14:00:00-04:00,700.4600219726562,701.5900268554688,700.4600219726562,700.9949951171875,700.9949951171875,1276858,117.49500274658203,118.87000274658203,117.46009826660156,117.8113021850586,117.8113021850586,1962546
2026-08-03 14:15:00-04:00,701.0150146484375,701.4400024414062,699.7899780273438,699.8001098632812,699.8001098632812,1082481,117.875,118.56999969482422,115.81009674072266,116.0,116.0,1399074
2026-08-03 14:30:00-04:00,699.8400268554688,700.364990234375,699.6099853515625,700.344970703125,700.344970703125,1090777,116.01499938964844,116.5199966430664,115.4000015258789,116.30000305175781,116.30000305175781,1237303
2026-08-03 14:45:00-04:00,700.3400268554688,700.6699829101562,699.8350219726562,700.2371826171875,700.2371826171875,805709,116.2750015258789,116.69000244140625,115.49500274658203,115.92870330810547,115.92870330810547,1099555
2026-08-03 15:00:00-04:00,700.22998046875,701.1099853515625,699.9299926757812,700.0700073242188,700.0700073242188,1209874,115.80000305175781,117.37999725341797,115.77999877929688,116.44000244140625,116.44000244140625,1056492
2026-08-03 15:15:00-04:00,700.030029296875,700.6699829101562,700.010009765625,700.3599853515625,700.3599853515625,1413604,116.40899658203125,117.19000244140625,116.30000305175781,116.48999786376953,116.48999786376953,923080
2026-08-03 15:30:00-04:00,700.3800048828125,700.6793212890625,700.0399780273438,700.405029296875,700.405029296875,1452060,116.48999786376953,116.97820281982422,115.94999694824219,116.88849639892578,116.88849639892578,2322703
2026-08-03 15:45:00-04:00,700.4000244140625,700.9400024414062,699.27001953125,700.0800170898438,700.0800170898438,5258594,116.87000274658203,117.38999938964844,115.93000030517578,116.72000122070312,116.72000122070312,3435221
2026-08-04 09:30:00-04:00,708.2050170898438,713.47998046875,707.5900268554688,712.5194702148438,712.5194702148438,5546839,131.5050048828125,135.44000244140625,129.66000366210938,134.19500732421875,134.19500732421875,23847112
2026-08-04 09:45:00-04:00,712.509521484375,714.6500244140625,712.509521484375,713.6500244140625,713.6500244140625,2313382,134.16000366210938,136.13999938964844,132.60000610351562,133.35000610351562,133.35000610351562,4765373
2026-08-04 10:00:00-04:00,713.6400146484375,715.6699829101562,712.97998046875,715.5999755859375,715.5999755859375,2386003,133.39999389648438,135.19000244140625,132.11000061035156,134.2100067138672,134.2100067138672,3119607
2026-08-04 10:15:00-04:00,715.5999755859375,716.219970703125,714.2550048828125,716.0050048828125,716.0050048828125,2178773,134.25,134.631103515625,131.8000030517578,134.56210327148438,134.56210327148438,2597042
2026-08-04 10:30:00-04:00,716.0800170898438,716.3900146484375,715.0700073242188,716.0,716.0,2881547,134.57000732421875,134.75,133.44000244140625,134.75,134.75,1621904
2026-08-04 10:45:00-04:00,716.02001953125,716.0999755859375,715.239990234375,715.80078125,715.80078125,1427110,134.72999572753906,134.99000549316406,133.92999267578125,134.80250549316406,134.80250549316406,1248391
2026-08-04 11:00:00-04:00,715.8800048828125,717.6500244140625,715.739990234375,717.5349731445312,717.5349731445312,2249549,134.83999633789062,137.59950256347656,134.6300048828125,137.42999267578125,137.42999267578125,2356773
2026-08-04 11:15:00-04:00,717.5250244140625,718.5700073242188,717.4000244140625,717.989990234375,717.989990234375,2156766,137.4600067138672,137.9600067138672,136.81619262695312,136.91749572753906,136.91749572753906,1823521
2026-08-04 11:30:00-04:00,717.97998046875,719.02001953125,717.5800170898438,718.9299926757812,718.9299926757812,2411833,136.9593048095703,138.77000427246094,136.72000122070312,138.74009704589844,138.74009704589844,1470952
2026-08-04 11:45:00-04:00,718.9400024414062,719.4000244140625,718.719970703125,718.780029296875,718.780029296875,1873749,138.77000427246094,138.9799041748047,138.0500030517578,138.1699981689453,138.1699981689453,1247982
2026-08-04 12:00:00-04:00,718.7849731445312,719.4600219726562,718.5599975585938,718.8900146484375,718.8900146484375,1373350,138.17999267578125,139.25999450683594,137.6999969482422,137.9947967529297,137.9947967529297,1453898
2026-08-04 12:15:00-04:00,718.9199829101562,719.969970703125,718.8900146484375,719.6500244140625,719.6500244140625,1582663,138.07000732421875,139.57000732421875,137.8404998779297,138.94000244140625,138.94000244140625,968598
2026-08-04 12:30:00-04:00,719.6649780273438,720.27001953125,719.4000244140625,720.1400146484375,720.1400146484375,1745736,138.9499969482422,139.5,138.61000061035156,139.11000061035156,139.11000061035156,761076
2026-08-04 12:45:00-04:00,720.135009765625,720.5999755859375,720.135009765625,720.5599975585938,720.5599975585938,2151512,139.13999938964844,139.86000061035156,139.07000732421875,139.82000732421875,139.82000732421875,911634
2026-08-04 13:00:00-04:00,720.5700073242188,721.9000244140625,720.47998046875,721.8300170898438,721.8300170898438,2095390,139.8249969482422,140.47000122070312,139.7100067138672,140.17999267578125,140.17999267578125,1236879
2026-08-04 13:15:00-04:00,721.8400268554688,722.5,721.4400024414062,722.3499755859375,722.3499755859375,1437182,140.2100067138672,141.0,139.63999938964844,140.7550048828125,140.7550048828125,934796
2026-08-04 13:30:00-04:00,722.3200073242188,723.47998046875,721.9849853515625,723.47998046875,723.47998046875,1107118,140.7100067138672,141.19000244140625,140.2010040283203,141.13999938964844,141.13999938964844,814815
2026-08-04 13:45:00-04:00,723.489990234375,724.280029296875,722.7100219726562,722.72998046875,722.72998046875,2498609,141.16000366210938,142.19000244140625,140.3300018310547,140.39999389648438,140.39999389648438,1713801
2026-08-04 14:00:00-04:00,722.72998046875,723.3400268554688,722.1199951171875,723.3399047851562,723.3399047851562,1520591,140.39999389648438,140.80999755859375,139.20030212402344,140.49240112304688,140.49240112304688,1272330
2026-08-04 14:15:00-04:00,723.3400268554688,723.9000244140625,723.239990234375,723.8298950195312,723.8298950195312,1237658,140.51499938964844,141.33999633789062,140.37989807128906,141.17999267578125,141.17999267578125,985931
2026-08-04 14:30:00-04:00,723.8400268554688,724.1552124023438,722.8699951171875,723.1799926757812,723.1799926757812,918270,141.17999267578125,141.66949462890625,140.2200927734375,140.51499938964844,140.51499938964844,901612
2026-08-04 14:45:00-04:00,723.2000122070312,724.2000122070312,723.2000122070312,723.8499755859375,723.8499755859375,1035925,140.49000549316406,141.49000549316406,140.49000549316406,141.3000030517578,141.3000030517578,993099
2026-08-04 15:00:00-04:00,723.8599853515625,725.2000122070312,723.7999877929688,724.9550170898438,724.9550170898438,1459664,141.3000030517578,142.41990661621094,141.14999389648438,141.81500244140625,141.81500244140625,1629578
2026-08-04 15:15:00-04:00,724.9500122070312,725.3800048828125,724.010009765625,724.2943725585938,724.2943725585938,1221414,141.85000610351562,142.41799926757812,140.8800048828125,141.3000030517578,141.3000030517578,1647300
2026-08-04 15:30:00-04:00,724.2849731445312,725.530029296875,724.030029296875,725.489990234375,725.489990234375,1334818,141.27000427246094,141.67999267578125,140.38009643554688,141.6699981689453,141.6699981689453,4079322
2026-08-04 15:45:00-04:00,725.489990234375,725.6500244140625,723.0999755859375,723.6799926757812,723.6799926757812,5029627,141.65499877929688,141.6999969482422,139.8000030517578,140.14999389648438,140.14999389648438,4890968
2026-08-05 09:30:00-04:00,726.2249755859375,728.182373046875,724.6300048828125,728.0399780273438,728.0399780273438,4003564,135.5399932861328,140.73260498046875,134.5500030517578,140.41000366210938,140.41000366210938,16385373
2026-08-05 09:45:00-04:00,728.094970703125,728.5399780273438,726.0850219726562,727.989990234375,727.989990234375,1787498,140.41000366210938,144.33999633789062,140.1999969482422,142.25,142.25,4740441
2026-08-05 10:00:00-04:00,727.9000244140625,727.9000244140625,724.8099975585938,726.7100219726562,726.7100219726562,1793842,141.97000122070312,142.1125030517578,136.5,138.5,138.5,3662393
2026-08-05 10:15:00-04:00,726.739990234375,727.4000244140625,724.4000244140625,724.719970703125,724.719970703125,1481730,138.4250030517578,139.3800048828125,134.1887969970703,135.17999267578125,135.17999267578125,2657583
2026-08-05 10:30:00-04:00,724.6699829101562,724.7999267578125,722.4799194335938,723.371826171875,723.371826171875,1708197,135.11000061035156,135.25,130.6999969482422,132.30999755859375,132.30999755859375,3908571
2026-08-05 10:45:00-04:00,723.3800048828125,724.4349975585938,721.5999755859375,723.0399780273438,723.0399780273438,2709070,132.29190063476562,134.29989624023438,130.0,132.20010375976562,132.20010375976562,3058091
2026-08-05 11:00:00-04:00,723.0700073242188,724.114990234375,722.510009765625,722.8400268554688,722.8400268554688,1306871,132.3300018310547,134.8000030517578,131.6020050048828,133.1300048828125,133.1300048828125,1948315
2026-08-05 11:15:00-04:00,722.8400268554688,723.0650024414062,721.02001953125,722.0850219726562,722.0850219726562,1180286,133.1999969482422,133.99000549316406,132.0,133.27999877929688,133.27999877929688,1162942
2026-08-05 11:30:00-04:00,722.0800170898438,723.3250122070312,722.0349731445312,722.3499755859375,722.3499755859375,600826,133.23500061035156,136.4398956298828,133.23500061035156,135.17999267578125,135.17999267578125,2053264
2026-08-05 11:45:00-04:00,722.3599243164062,722.3599243164062,719.77001953125,720.3499755859375,720.3499755859375,1079257,135.1999969482422,135.72500610351562,132.41000366210938,133.16000366210938,133.16000366210938,1246590
2026-08-05 12:00:00-04:00,720.3800048828125,721.030029296875,719.489990234375,720.1799926757812,720.1799926757812,1306254,133.11000061035156,135.44000244140625,133.10000610351562,134.8000030517578,134.8000030517578,1090977
2026-08-05 12:15:00-04:00,720.2000122070312,722.7100219726562,719.8905029296875,722.6649780273438,722.6649780273438,1139375,134.8300018310547,137.93260192871094,134.55430603027344,137.86000061035156,137.86000061035156,1654264
2026-08-05 12:30:00-04:00,722.655029296875,722.8800048828125,721.1699829101562,721.6500244140625,721.6500244140625,578955,137.9199981689453,138.0800018310547,135.6999969482422,136.66000366210938,136.66000366210938,1343497
2026-08-05 12:45:00-04:00,721.6580200195312,722.5289916992188,721.4000244140625,722.1300048828125,722.1300048828125,649540,136.5,137.7100067138672,136.13999938964844,137.19000244140625,137.19000244140625,755881
2026-08-05 13:00:00-04:00,722.1699829101562,722.4000244140625,720.5499877929688,721.1400146484375,721.1400146484375,541901,137.22000122070312,137.50999450683594,134.6300048828125,135.1199951171875,135.1199951171875,1078536
2026-08-05 13:15:00-04:00,721.0999755859375,721.4392700195312,720.4500122070312,720.77001953125,720.77001953125,415243,135.0500030517578,135.72000122070312,134.2899932861328,134.7949981689453,134.7949981689453,809246
2026-08-05 13:30:00-04:00,720.7999877929688,721.3699951171875,720.4099731445312,720.8699951171875,720.8699951171875,528416,134.69000244140625,135.5500030517578,134.36000061035156,135.0,135.0,546897
2026-08-05 13:45:00-04:00,720.760009765625,721.27001953125,720.3200073242188,720.85498046875,720.85498046875,318835,135.0,135.86659240722656,134.25,135.5800018310547,135.5800018310547,561943
2026-08-05 14:00:00-04:00,720.864990234375,721.5599975585938,720.77001953125,721.0,721.0,866064,135.5850067138672,136.22999572753906,134.89999389648438,134.89999389648438,134.89999389648438,558154
2026-08-05 14:15:00-04:00,720.9400024414062,721.4600219726562,720.8200073242188,721.3099975585938,721.3099975585938,269346,134.9499969482422,136.1999969482422,134.77000427246094,136.10000610351562,136.10000610351562,460714
2026-08-05 14:30:00-04:00,721.3200073242188,721.3200073242188,720.1300048828125,720.47998046875,720.47998046875,591467,136.08999633789062,136.09979248046875,134.60000610351562,134.97999572753906,134.97999572753906,631159
2026-08-05 14:45:00-04:00,720.489990234375,721.030029296875,720.0499877929688,720.0900268554688,720.0900268554688,545311,134.92999267578125,136.0399932861328,134.75,134.98500061035156,134.98500061035156,516205
2026-08-05 15:00:00-04:00,720.1099853515625,721.3499755859375,719.9400024414062,721.280029296875,721.280029296875,653039,135.0500030517578,137.1999969482422,134.89999389648438,137.1947021484375,137.1947021484375,1532662
2026-08-05 15:15:00-04:00,721.27001953125,721.4099731445312,720.8350219726562,720.8887939453125,720.8887939453125,759208,137.2100067138672,137.7899932861328,136.55999755859375,137.11000061035156,137.11000061035156,1641881
2026-08-05 15:30:00-04:00,720.875,721.030029296875,719.6599731445312,719.7799072265625,719.7799072265625,1075003,137.13999938964844,137.47999572753906,134.85000610351562,135.19500732421875,135.19500732421875,3219515
2026-08-05 15:45:00-04:00,719.780029296875,720.3200073242188,716.9299926757812,717.219970703125,717.219970703125,2394628,135.14999389648438,136.0,131.0500030517578,131.60499572753906,131.60499572753906,4854824
2026-08-06 09:30:00-04:00,710.760009765625,714.1640014648438,708.5,713.780029296875,713.780029296875,4728060,125.2300033569336,129.97999572753906,120.74659729003906,129.66000366210938,129.66000366210938,14197998
2026-08-06 09:45:00-04:00,713.780029296875,716.030029296875,713.52001953125,715.47998046875,715.47998046875,2083513,129.67999267578125,133.33160400390625,128.8300018310547,133.0,133.0,4133761
2026-08-06 10:00:00-04:00,715.5,717.719970703125,714.52001953125,717.4550170898438,717.4550170898438,1902660,132.97000122070312,138.5800018310547,131.63999938964844,137.80999755859375,137.80999755859375,4120883
2026-08-06 10:15:00-04:00,717.4400024414062,718.8599853515625,716.4199829101562,716.8400268554688,716.8400268554688,2052272,137.6999969482422,139.86000061035156,136.72000122070312,137.0050048828125,137.0050048828125,3902708
2026-08-06 10:30:00-04:00,716.9500122070312,718.4600219726562,715.9000244140625,716.7999877929688,716.7999877929688,1176142,137.07000732421875,140.0,136.02999877929688,136.7899932861328,136.7899932861328,2574079
2026-08-06 10:45:00-04:00,716.8173828125,718.625,715.614990234375,718.5919799804688,718.5919799804688,1036635,136.7899932861328,138.3699951171875,134.33099365234375,138.27999877929688,138.27999877929688,2251826
2026-08-06 11:00:00-04:00,718.6500244140625,719.3200073242188,717.2100219726562,718.3400268554688,718.3400268554688,1015241,138.25999450683594,139.97999572753906,136.6118927001953,139.14999389648438,139.14999389648438,1870559
2026-08-06 11:15:00-04:00,718.3200073242188,718.75,716.3699951171875,717.4199829101562,717.4199829101562,1014013,139.1699981689453,139.85000610351562,137.3699951171875,138.3699951171875,138.3699951171875,1253970
2026-08-06 11:30:00-04:00,717.47998046875,717.8599243164062,715.594970703125,715.6253051757812,715.6253051757812,764690,138.28390502929688,139.10000610351562,135.55999755859375,135.74899291992188,135.74899291992188,1286538
2026-08-06 11:45:00-04:00,715.619873046875,717.7999877929688,714.9650268554688,715.1699829101562,715.1699829101562,1052113,135.63999938964844,138.65109252929688,135.42999267578125,135.66299438476562,135.66299438476562,1323387
2026-08-06 12:00:00-04:00,715.1699829101562,715.8099975585938,714.2899780273438,714.489990234375,714.489990234375,883230,135.77999877929688,136.6699981689453,134.39999389648438,134.61000061035156,134.61000061035156,1339954
2026-08-06 12:15:00-04:00,714.510009765625,714.9000244140625,713.530029296875,714.0900268554688,714.0900268554688,1092194,134.60499572753906,135.23699951171875,132.28700256347656,133.0699005126953,133.0699005126953,1443068
2026-08-06 12:30:00-04:00,714.1099853515625,715.4299926757812,713.8599853515625,714.2349853515625,714.2349853515625,803182,132.96170043945312,135.94000244140625,132.8000030517578,134.63999938964844,134.63999938964844,1350991
2026-08-06 12:45:00-04:00,714.2479858398438,716.1599731445312,714.0250244140625,716.14990234375,716.14990234375,693321,134.710693359375,137.1199951171875,134.30999755859375,137.06979370117188,137.06979370117188,966213
2026-08-06 13:00:00-04:00,716.1400146484375,716.5800170898438,715.219970703125,715.3400268554688,715.3400268554688,544973,137.0399932861328,137.5272979736328,136.0,136.21209716796875,136.21209716796875,804016
2026-08-06 13:15:00-04:00,715.35498046875,716.0020141601562,715.0700073242188,715.3900146484375,715.3900146484375,456177,136.10000610351562,136.8800048828125,135.60000610351562,136.05999755859375,136.05999755859375,543340
2026-08-06 13:30:00-04:00,715.3900146484375,715.75,714.60498046875,715.0,715.0,499390,136.0,136.5,134.6251983642578,135.08999633789062,135.08999633789062,564694
2026-08-06 13:45:00-04:00,715.0599975585938,715.52001953125,714.6199951171875,715.4099731445312,715.4099731445312,471676,135.13999938964844,135.94000244140625,134.72000122070312,135.80999755859375,135.80999755859375,459519
2026-08-06 14:00:00-04:00,715.47998046875,715.8599853515625,714.9199829101562,715.760009765625,715.760009765625,662693,135.80999755859375,136.1260986328125,134.92120361328125,135.9149932861328,135.9149932861328,426210
2026-08-06 14:15:00-04:00,715.7899780273438,716.5499877929688,714.0,716.1199951171875,716.1199951171875,944383,135.99000549316406,137.66000366210938,134.38999938964844,136.94700622558594,136.94700622558594,1205928
2026-08-06 14:30:00-04:00,716.0999755859375,716.2100219726562,714.760009765625,715.219970703125,715.219970703125,596813,136.9499053955078,137.10000610351562,135.1300048828125,136.0050048828125,136.0050048828125,540975
2026-08-06 14:45:00-04:00,715.239990234375,715.5999755859375,714.8800048828125,715.0700073242188,715.0700073242188,721392,136.02999877929688,136.52000427246094,135.22000122070312,135.5988006591797,135.5988006591797,439166
2026-08-06 15:00:00-04:00,715.0800170898438,716.405029296875,715.0,715.5700073242188,715.5700073242188,988826,135.67999267578125,137.5,135.4199981689453,136.0,136.0,859264
2026-08-06 15:15:00-04:00,715.5800170898438,715.9500122070312,714.6599731445312,714.9000244140625,714.9000244140625,772737,135.89999389648438,136.5,134.36000061035156,134.9113006591797,134.9113006591797,1163244
2026-08-06 15:30:00-04:00,714.9000244140625,715.8099975585938,714.4600219726562,714.8400268554688,714.8400268554688,799579,134.8699951171875,135.84730529785156,134.0399932861328,134.57000732421875,134.57000732421875,1780326
2026-08-06 15:45:00-04:00,714.8200073242188,715.5900268554688,714.110107421875,714.6199951171875,714.6199951171875,2482762,134.5749969482422,134.9499969482422,132.10000610351562,132.4600067138672,132.4600067138672,3416607
2026-08-07 09:30:00-04:00,720.0,722.5449829101562,719.6799926757812,721.973876953125,721.973876953125,4167177,141.97000122070312,143.9199981689453,138.8800048828125,142.47500610351562,142.47500610351562,14798743
2026-08-07 09:45:00-04:00,721.9000244140625,722.7100219726562,718.4600219726562,719.3099975585938,719.3099975585938,1575084,142.42999267578125,143.0,135.51010131835938,136.64999389648438,136.64999389648438,3658472
2026-08-07 10:00:00-04:00,719.3049926757812,720.0900268554688,716.52001953125,716.9749755859375,716.9749755859375,1575120,136.6199951171875,136.94000244140625,131.77130126953125,132.3000030517578,132.3000030517578,4737380
2026-08-07 10:15:00-04:00,716.989990234375,721.6500244140625,716.5999755859375,721.25,721.25,1736472,132.19000244140625,138.3813018798828,131.55999755859375,137.24349975585938,137.24349975585938,4282464
2026-08-07 10:30:00-04:00,721.2680053710938,721.5399780273438,718.8300170898438,719.1599731445312,719.1599731445312,1188883,137.2086944580078,137.33990478515625,133.02000427246094,133.49000549316406,133.49000549316406,2371352
2026-08-07 10:45:00-04:00,719.1599731445312,720.5499877929688,718.989990234375,720.27001953125,720.27001953125,881413,133.5,135.8184051513672,133.1300048828125,135.0,135.0,1942260
2026-08-07 11:00:00-04:00,720.27001953125,721.75,720.030029296875,721.2100219726562,721.2100219726562,1134209,134.9550018310547,137.86000061035156,134.83999633789062,136.85499572753906,136.85499572753906,2183868
2026-08-07 11:15:00-04:00,721.1900024414062,722.8599853515625,720.89501953125,722.7999877929688,722.7999877929688,1217381,136.82000732421875,139.47999572753906,136.02000427246094,138.84500122070312,138.84500122070312,2191446
2026-08-07 11:30:00-04:00,722.7999877929688,723.4998779296875,722.04052734375,722.4400024414062,722.4400024414062,1195362,138.7899932861328,140.14999389648438,137.49000549316406,138.19500732421875,138.19500732421875,1949643
2026-08-07 11:45:00-04:00,722.4099731445312,723.2000122070312,722.0900268554688,722.489990234375,722.489990234375,1088779,138.1699981689453,139.8513946533203,137.86000061035156,139.5050048828125,139.5050048828125,1082102
2026-08-07 12:00:00-04:00,722.5300903320312,722.9099731445312,722.0599975585938,722.1950073242188,722.1950073242188,808264,139.5500030517578,140.55990600585938,139.0399932861328,139.5850067138672,139.5850067138672,1112711
2026-08-07 12:15:00-04:00,722.1500244140625,722.635009765625,719.5015869140625,720.0999755859375,720.0999755859375,813996,139.5399932861328,140.14990234375,136.6699981689453,137.42999267578125,137.42999267578125,1264866
2026-08-07 12:30:00-04:00,720.0999755859375,721.2100219726562,719.0499877929688,721.0499877929688,721.0499877929688,828602,137.39999389648438,138.65989685058594,135.86000061035156,138.20480346679688,138.20480346679688,1214310
2026-08-07 12:45:00-04:00,721.0800170898438,721.6799926757812,720.6799926757812,720.6799926757812,720.6799926757812,653777,138.14999389648438,139.14999389648438,138.05999755859375,138.42999267578125,138.42999267578125,676161
2026-08-07 13:00:00-04:00,720.6799926757812,721.3699951171875,720.39501953125,720.60498046875,720.60498046875,543064,138.4499969482422,139.60000610351562,138.0,138.40020751953125,138.40020751953125,677419
2026-08-07 13:15:00-04:00,720.6099853515625,721.2996215820312,720.3800048828125,720.9199829101562,720.9199829101562,393740,138.3209991455078,139.90499877929688,138.1300048828125,139.38009643554688,139.38009643554688,611869
2026-08-07 13:30:00-04:00,720.9000244140625,721.27001953125,720.419921875,720.83251953125,720.83251953125,505291,139.43760681152344,139.55499267578125,138.6199951171875,138.98500061035156,138.98500061035156,421862
2026-08-07 13:45:00-04:00,720.8300170898438,721.1599731445312,720.6300048828125,720.7999877929688,720.7999877929688,318242,138.97500610351562,139.27000427246094,138.41000366210938,138.92999267578125,138.92999267578125,505440
2026-08-07 14:00:00-04:00,720.7949829101562,721.0700073242188,720.0800170898438,720.2000122070312,720.2000122070312,475331,139.0,139.44000244140625,138.27999877929688,138.4600067138672,138.4600067138672,452670
2026-08-07 14:15:00-04:00,720.260009765625,720.5900268554688,719.8201293945312,719.8900146484375,719.8900146484375,461492,138.4600067138672,138.9799041748047,137.46389770507812,137.63580322265625,137.63580322265625,520201
2026-08-07 14:30:00-04:00,719.9000244140625,720.3499755859375,719.27001953125,719.2999877929688,719.2999877929688,654888,137.64999389648438,138.5,137.36000061035156,137.43499755859375,137.43499755859375,447164
2026-08-07 14:45:00-04:00,719.3150024414062,720.489990234375,719.2349853515625,720.3800048828125,720.3800048828125,833886,137.40269470214844,138.5699005126953,137.27000427246094,138.5399932861328,138.5399932861328,599110
2026-08-07 15:00:00-04:00,720.3699951171875,722.4000244140625,720.344970703125,722.169921875,722.169921875,1226254,138.47999572753906,140.6497039794922,138.47999572753906,139.89999389648438,139.89999389648438,1626550
2026-08-07 15:15:00-04:00,722.1699829101562,722.719970703125,721.9802856445312,722.4199829101562,722.4199829101562,849835,139.94000244140625,140.55999755859375,139.05999755859375,139.50999450683594,139.50999450683594,1149002
2026-08-07 15:30:00-04:00,722.4249877929688,722.4249877929688,721.5001831054688,721.669921875,721.669921875,921539,139.5449981689453,139.5449981689453,137.85000610351562,137.91000366210938,137.91000366210938,3391113
2026-08-07 15:45:00-04:00,721.6500244140625,723.6199951171875,721.6199951171875,723.0150146484375,723.0150146484375,2514683,137.88999938964844,140.6699981689453,137.6699981689453,140.25999450683594,140.25999450683594,4473070
2026-08-10 09:30:00-04:00,722.6500244140625,723.25,720.3400268554688,721.6900024414062,721.6900024414062,2930958,141.15249633789062,142.6699981689453,135.8300018310547,137.35499572753906,137.35499572753906,12407192
2026-08-10 09:45:00-04:00,721.719970703125,723.0599975585938,721.2000122070312,722.469970703125,722.469970703125,1515646,137.36000061035156,139.27999877929688,135.9499969482422,137.16000366210938,137.16000366210938,2986065
2026-08-10 10:00:00-04:00,722.469970703125,724.5050048828125,722.0399780273438,724.239990234375,724.239990234375,1974285,137.16000366210938,141.14999389648438,136.5800018310547,140.0,140.0,2699443
2026-08-10 10:15:00-04:00,724.2349853515625,724.6699829101562,722.6400146484375,723.6699829101562,723.6699829101562,915455,140.08999633789062,140.61000061035156,136.5500030517578,137.11000061035156,137.11000061035156,2129602
2026-08-10 10:30:00-04:00,723.7098999023438,724.52001953125,723.4099731445312,723.9099731445312,723.9099731445312,1348163,137.1300048828125,138.64999389648438,136.5,136.67080688476562,136.67080688476562,1494206
2026-08-10 10:45:00-04:00,723.8900146484375,724.322509765625,721.75,721.780029296875,721.780029296875,1200627,136.75999450683594,137.30499267578125,133.44000244140625,133.50999450683594,133.50999450683594,2394133
2026-08-10 11:00:00-04:00,721.8400268554688,722.77001953125,721.4400024414062,722.1099853515625,722.1099853515625,689288,133.5,135.5,133.19000244140625,134.55990600585938,134.55990600585938,1539316
2026-08-10 11:15:00-04:00,722.0800170898438,722.6400146484375,721.14501953125,721.6900024414062,721.6900024414062,542341,134.4600067138672,135.36000061035156,133.64999389648438,134.20620727539062,134.20620727539062,827207
2026-08-10 11:30:00-04:00,721.6500244140625,722.4650268554688,720.8300170898438,722.4600219726562,722.4600219726562,596789,134.10000610351562,135.1999969482422,133.25,135.14999389648438,135.14999389648438,858801
2026-08-10 11:45:00-04:00,722.5399780273438,723.5562133789062,721.9600219726562,723.3049926757812,723.3049926757812,696543,135.19000244140625,136.34950256347656,134.38099670410156,135.8300018310547,135.8300018310547,1206781
2026-08-10 12:00:00-04:00,723.3250122070312,723.64501953125,722.5399780273438,722.780029296875,722.780029296875,762803,135.88999938964844,136.49000549316406,134.5438995361328,135.0449981689453,135.0449981689453,736112
2026-08-10 12:15:00-04:00,722.7100219726562,723.2999877929688,722.3800048828125,722.47998046875,722.47998046875,429886,135.0399932861328,136.13999938964844,134.8000030517578,135.05999755859375,135.05999755859375,525378
2026-08-10 12:30:00-04:00,722.4500122070312,722.6500244140625,720.5700073242188,720.7849731445312,720.7849731445312,1062075,135.0,135.3773956298828,133.0,133.41000366210938,133.41000366210938,1261418
2026-08-10 12:45:00-04:00,720.8900146484375,721.77001953125,720.6400146484375,721.77001953125,721.77001953125,1046853,133.4499969482422,134.22869873046875,133.2700958251953,133.72000122070312,133.72000122070312,730525
2026-08-10 13:00:00-04:00,721.780029296875,722.510009765625,721.3200073242188,722.3150024414062,722.3150024414062,334236,133.72000122070312,134.97000122070312,133.50079345703125,134.5749969482422,134.5749969482422,714101
2026-08-10 13:15:00-04:00,722.3200073242188,722.5399780273438,721.7036743164062,721.9400024414062,721.9400024414062,321657,134.52999877929688,134.94760131835938,133.64999389648438,133.97999572753906,133.97999572753906,447871
2026-08-10 13:30:00-04:00,721.9400024414062,722.1666259765625,721.1900024414062,721.260009765625,721.260009765625,339799,133.98500061035156,134.52000427246094,133.1300048828125,133.2949981689453,133.2949981689453,556557
2026-08-10 13:45:00-04:00,721.2750244140625,721.4097900390625,720.9099731445312,721.27001953125,721.27001953125,527376,133.30499267578125,134.02999877929688,133.27999877929688,133.71389770507812,133.71389770507812,319273
2026-08-10 14:00:00-04:00,721.3049926757812,721.5700073242188,721.030029296875,721.0800170898438,721.0800170898438,394531,133.6699981689453,134.5,133.36279296875,133.97000122070312,133.97000122070312,357219
2026-08-10 14:15:00-04:00,721.0795288085938,721.1798706054688,720.8599853515625,720.9749755859375,720.9749755859375,288853,133.94000244140625,134.35000610351562,133.7899932861328,133.9199981689453,133.9199981689453,217587
2026-08-10 14:30:00-04:00,720.969970703125,721.6099853515625,720.6900024414062,721.5549926757812,721.5549926757812,342015,133.9600067138672,134.64950561523438,133.83999633789062,134.19500732421875,134.19500732421875,314825
2026-08-10 14:45:00-04:00,721.5700073242188,721.8800048828125,721.3099975585938,721.8350219726562,721.8350219726562,238683,134.19000244140625,134.4499969482422,133.81239318847656,134.4199981689453,134.4199981689453,282609
2026-08-10 15:00:00-04:00,721.8300170898438,722.1199951171875,721.6699829101562,722.0,722.0,520293,134.39999389648438,135.02000427246094,134.360107421875,134.73240661621094,134.73240661621094,769807
2026-08-10 15:15:00-04:00,721.9949951171875,722.139892578125,721.75,721.7999877929688,721.7999877929688,450031,134.75,135.97999572753906,134.55160522460938,135.55999755859375,135.55999755859375,1727596
2026-08-10 15:30:00-04:00,721.8800048828125,722.0700073242188,721.530029296875,721.64501953125,721.64501953125,959111,135.55999755859375,135.8300018310547,133.74000549316406,133.78500366210938,133.78500366210938,3010771
2026-08-10 15:45:00-04:00,721.6500244140625,721.8499755859375,720.3300170898438,720.8049926757812,720.8049926757812,3648241,133.7899932861328,134.22000122070312,130.0,130.0,130.0,5809126
2026-08-11 09:30:00-04:00,723.2999877929688,723.2999877929688,719.4500122070312,720.4600219726562,720.4600219726562,3130679,136.25999450683594,136.25999450683594,131.8000946044922,135.21499633789062,135.21499633789062,9163589
2026-08-11 09:45:00-04:00,720.4099731445312,720.739990234375,718.4010009765625,720.719970703125,720.719970703125,1794249,135.13999938964844,135.22830200195312,131.92999267578125,133.57000732421875,133.57000732421875,2383848
2026-08-11 10:00:00-04:00,720.7000122070312,722.1555786132812,720.3699951171875,721.4592895507812,721.4592895507812,1110506,133.47999572753906,136.60000610351562,133.15589904785156,135.22000122070312,135.22000122070312,2549952
2026-08-11 10:15:00-04:00,721.4500122070312,722.1300048828125,720.864990234375,721.8300170898438,721.8300170898438,814745,135.14999389648438,136.55999755859375,134.1999969482422,135.8300018310547,135.8300018310547,1550987
2026-08-11 10:30:00-04:00,721.7999877929688,721.9650268554688,720.614990234375,720.9400024414062,720.9400024414062,774810,135.72650146484375,136.07000732421875,133.6199951171875,134.0850067138672,134.0850067138672,1293508
2026-08-11 10:45:00-04:00,720.9400024414062,722.4400024414062,720.9000244140625,721.7899780273438,721.7899780273438,917927,134.0800018310547,135.5802001953125,133.89999389648438,134.5684051513672,134.5684051513672,989671
2026-08-11 11:00:00-04:00,721.7999877929688,722.1400146484375,720.0349731445312,720.25,720.25,1139178,134.6199951171875,135.60000610351562,133.69000244140625,134.0399932861328,134.0399932861328,847822
2026-08-11 11:15:00-04:00,720.219970703125,720.7999877929688,719.8900146484375,719.989990234375,719.989990234375,544442,134.00999450683594,134.25,132.92999267578125,133.3350067138672,133.3350067138672,810970
2026-08-11 11:30:00-04:00,720.0349731445312,720.364990234375,719.0999755859375,719.77001953125,719.77001953125,678218,133.3350067138672,133.9250030517578,132.82000732421875,133.73500061035156,133.73500061035156,694113
2026-08-11 11:45:00-04:00,719.7750244140625,719.7750244140625,718.9716186523438,719.0698852539062,719.0698852539062,419367,133.66000366210938,133.66000366210938,132.57000732421875,132.63870239257812,132.63870239257812,541433
2026-08-11 12:00:00-04:00,719.0800170898438,719.4600219726562,718.6799926757812,718.75,718.75,646139,132.62989807128906,133.1479949951172,132.16009521484375,132.1999969482422,132.1999969482422,809951
2026-08-11 12:15:00-04:00,718.77001953125,719.1799926757812,718.0349731445312,718.6300048828125,718.6300048828125,691731,132.27999877929688,132.85000610351562,131.88999938964844,132.34019470214844,132.34019470214844,672960
2026-08-11 12:30:00-04:00,718.6099853515625,719.0700073242188,718.2670288085938,718.385009765625,718.385009765625,1071479,132.26499938964844,132.8000030517578,131.8101043701172,132.1201934814453,132.1201934814453,601992
2026-08-11 12:45:00-04:00,718.3994750976562,718.52001953125,717.9299926757812,718.1400146484375,718.1400146484375,803696,132.09500122070312,132.09500122070312,131.27999877929688,131.4375,131.4375,658242
2026-08-11 13:00:00-04:00,718.1400146484375,718.3272094726562,716.9500122070312,716.97998046875,716.97998046875,971369,131.4199981689453,131.58999633789062,130.1800994873047,130.22999572753906,130.22999572753906,1040712
2026-08-11 13:15:00-04:00,716.9600219726562,717.9199829101562,716.8699951171875,717.6599731445312,717.6599731445312,739952,130.22000122070312,131.11000061035156,130.07000732421875,130.6300048828125,130.6300048828125,914617
2026-08-11 13:30:00-04:00,717.6680297851562,718.4199829101562,717.5,718.3350219726562,718.3350219726562,840199,130.64999389648438,131.19920349121094,130.16000366210938,130.91000366210938,130.91000366210938,766086
2026-08-11 13:45:00-04:00,718.3350219726562,718.469970703125,718.0599975585938,718.1900024414062,718.1900024414062,477836,130.88999938964844,131.5511016845703,130.6999969482422,131.2949981689453,131.2949981689453,527718
2026-08-11 14:00:00-04:00,718.200927734375,718.3599853515625,717.5499877929688,717.6801147460938,717.6801147460938,669173,131.32000732421875,131.75929260253906,130.94000244140625,131.33999633789062,131.33999633789062,627241
2026-08-11 14:15:00-04:00,717.6900024414062,717.8300170898438,715.7899780273438,716.1799926757812,716.1799926757812,979845,131.37759399414062,131.58999633789062,130.05999755859375,130.4311981201172,130.4311981201172,701985
2026-08-11 14:30:00-04:00,716.1799926757812,716.93798828125,716.0999755859375,716.280029296875,716.280029296875,1446143,130.4600067138672,131.10000610351562,130.30630493164062,130.61000061035156,130.61000061035156,544673
2026-08-11 14:45:00-04:00,716.280029296875,717.489990234375,716.280029296875,717.0900268554688,717.0900268554688,731814,130.59019470214844,131.6446990966797,130.58999633789062,131.0850067138672,131.0850067138672,654324
2026-08-11 15:00:00-04:00,717.094970703125,717.8400268554688,716.8200073242188,717.6849975585938,717.6849975585938,1116817,131.08999633789062,131.4600067138672,130.30999755859375,131.16000366210938,131.16000366210938,706502
2026-08-11 15:15:00-04:00,717.6799926757812,718.1364135742188,717.5599975585938,718.0650024414062,718.0650024414062,712974,131.16000366210938,131.97000122070312,131.0800018310547,131.8800048828125,131.8800048828125,842878
2026-08-11 15:30:00-04:00,718.0900268554688,718.9349975585938,717.989990234375,718.4400024414062,718.4400024414062,1238271,131.8800048828125,132.89999389648438,131.83999633789062,132.0850067138672,132.0850067138672,2097956
2026-08-11 15:45:00-04:00,718.4400024414062,718.6898803710938,717.6500244140625,718.3400268554688,718.3400268554688,2742250,132.11000061035156,133.6199951171875,131.92999267578125,133.07000732421875,133.07000732421875,2884669
2026-08-12 09:30:00-04:00,726.969970703125,727.25,723.7380981445312,724.8300170898438,724.8300170898438,4770062,146.62269592285156,147.6999969482422,142.63999938964844,144.86000061035156,144.86000061035156,18601226
2026-08-12 09:45:00-04:00,724.8099975585938,726.5,723.8900146484375,725.0900268554688,725.0900268554688,1938604,144.8699951171875,147.05780029296875,143.65499877929688,145.7899932861328,145.7899932861328,5017661
2026-08-12 10:00:00-04:00,725.0399780273438,725.718017578125,723.6099853515625,724.6900024414062,724.6900024414062,1446051,145.73500061035156,146.32949829101562,144.4586944580078,144.8813018798828,144.8813018798828,2214570
2026-08-12 10:15:00-04:00,724.6699829101562,725.9299926757812,724.02001953125,725.22998046875,725.22998046875,947509,144.8699951171875,146.8000030517578,144.69500732421875,146.0,146.0,1924230
2026-08-12 10:30:00-04:00,725.239990234375,725.5349731445312,723.25,725.4299926757812,725.4299926757812,2759776,145.99989318847656,146.07000732421875,143.63999938964844,145.88999938964844,145.88999938964844,2142827
2026-08-12 10:45:00-04:00,725.4600219726562,725.5999755859375,723.6300048828125,724.1099853515625,724.1099853515625,784334,145.889892578125,146.0,143.72999572753906,144.375,144.375,1256818
2026-08-12 11:00:00-04:00,724.0999755859375,724.6300048828125,723.3900146484375,724.4249877929688,724.4249877929688,864469,144.30999755859375,146.08999633789062,143.6300048828125,145.8000030517578,145.8000030517578,1301747
2026-08-12 11:15:00-04:00,724.364990234375,724.5698852539062,723.5250244140625,724.22998046875,724.22998046875,892797,145.77999877929688,145.99000549316406,144.87869262695312,145.64999389648438,145.64999389648438,555356
2026-08-12 11:30:00-04:00,724.25,724.3099975585938,722.9199829101562,723.135009765625,723.135009765625,778330,145.64999389648438,145.7100067138672,143.6999969482422,143.84950256347656,143.84950256347656,932507
2026-08-12 11:45:00-04:00,723.1500244140625,723.7340087890625,722.9199829101562,723.239990234375,723.239990234375,544599,143.82000732421875,144.50999450683594,143.3000030517578,144.27999877929688,144.27999877929688,768535
2026-08-12 12:00:00-04:00,723.239990234375,724.2999877929688,723.1599731445312,724.2000122070312,724.2000122070312,641357,144.26499938964844,145.3300018310547,144.25,145.08999633789062,145.08999633789062,712411
2026-08-12 12:15:00-04:00,724.219970703125,724.5499877929688,723.8707275390625,724.2000122070312,724.2000122070312,500226,145.10000610351562,145.5800018310547,144.6699981689453,144.95010375976562,144.95010375976562,673342
2026-08-12 12:30:00-04:00,724.2294921875,724.719970703125,723.6699829101562,724.47998046875,724.47998046875,524880,145.0010986328125,145.33999633789062,144.32000732421875,144.8957977294922,144.8957977294922,692995
2026-08-12 12:45:00-04:00,724.4949951171875,725.25,724.3599853515625,724.989990234375,724.989990234375,701678,144.92999267578125,145.47999572753906,144.80999755859375,145.39610290527344,145.39610290527344,631480
2026-08-12 13:00:00-04:00,724.9849853515625,725.4299926757812,724.8049926757812,725.119873046875,725.119873046875,520683,145.41000366210938,145.99000549316406,145.12890625,145.4304962158203,145.4304962158203,836554
2026-08-12 13:15:00-04:00,725.119873046875,725.3200073242188,724.5900268554688,725.0800170898438,725.0800170898438,437842,145.47999572753906,145.89999389648438,144.91000366210938,145.77000427246094,145.77000427246094,372183
2026-08-12 13:30:00-04:00,725.0700073242188,725.3800048828125,724.9199829101562,725.2150268554688,725.2150268554688,578725,145.8000030517578,146.72999572753906,145.66000366210938,146.69000244140625,146.69000244140625,726847
2026-08-12 13:45:00-04:00,725.22998046875,725.4149780273438,724.9099731445312,725.114990234375,725.114990234375,484739,146.63999938964844,147.10000610351562,146.43499755859375,146.6699981689453,146.6699981689453,912944
2026-08-12 14:00:00-04:00,725.114990234375,725.3231201171875,724.6599731445312,725.051025390625,725.051025390625,425614,146.67999267578125,146.8000030517578,145.5,145.9550018310547,145.9550018310547,864683
2026-08-12 14:15:00-04:00,725.0449829101562,725.2003173828125,724.6599731445312,724.739990234375,724.739990234375,722570,145.94000244140625,146.4199981689453,145.83999633789062,145.9499969482422,145.9499969482422,327688
2026-08-12 14:30:00-04:00,724.739990234375,725.5599975585938,724.739990234375,725.3200073242188,725.3200073242188,389817,145.9583282470703,146.40020751953125,145.8000030517578,145.96499633789062,145.96499633789062,389923
2026-08-12 14:45:00-04:00,725.3250122070312,725.4149780273438,724.510009765625,724.6300048828125,724.6300048828125,337031,145.94000244140625,145.96499633789062,145.0,145.2949981689453,145.2949981689453,561999
2026-08-12 15:00:00-04:00,724.6300048828125,724.9600219726562,724.375,724.489990234375,724.489990234375,455754,145.2899932861328,145.69850158691406,144.6663055419922,144.9698944091797,144.9698944091797,701995
2026-08-12 15:15:00-04:00,724.4849853515625,724.8200073242188,723.8200073242188,724.0999755859375,724.0999755859375,634799,144.9199981689453,145.67759704589844,143.47000122070312,143.85000610351562,143.85000610351562,1501852
2026-08-12 15:30:00-04:00,724.0900268554688,724.1099243164062,723.219970703125,723.6500244140625,723.6500244140625,1318991,143.82000732421875,143.82000732421875,142.3000030517578,142.64950561523438,142.64950561523438,3682281
2026-08-12 15:45:00-04:00,723.6400146484375,724.0900268554688,723.0349731445312,723.6699829101562,723.6699829101562,2856327,142.61000061035156,143.5,141.8939971923828,142.22999572753906,142.22999572753906,4260965
2026-08-13 09:30:00-04:00,725.125,728.6099853515625,724.0399780273438,727.6199951171875,727.6199951171875,3534116,142.16000366210938,146.8000030517578,141.83999633789062,145.53990173339844,145.53990173339844,10842268
2026-08-13 09:45:00-04:00,727.6400146484375,731.6799926757812,727.469970703125,731.5700073242188,731.5700073242188,3687749,145.5050048828125,149.89999389648438,145.1999969482422,149.7550048828125,149.7550048828125,4362363
2026-08-13 10:00:00-04:00,731.5650024414062,732.47998046875,731.0999755859375,732.260009765625,732.260009765625,1970475,149.74000549316406,150.0,148.41000366210938,149.51499938964844,149.51499938964844,3564019
2026-08-13 10:15:00-04:00,732.27001953125,733.0399780273438,731.7999877929688,732.9600219726562,732.9600219726562,1237689,149.5800018310547,150.91000366210938,148.22000122070312,150.7100067138672,150.7100067138672,2486454
2026-08-13 10:30:00-04:00,732.9500122070312,733.7550048828125,732.8248291015625,733.0150146484375,733.0150146484375,1855016,150.6999969482422,151.9199981689453,150.46859741210938,151.3300018310547,151.3300018310547,2107093
2026-08-13 10:45:00-04:00,733.0,733.1298828125,732.1199951171875,732.1500244140625,732.1500244140625,1562410,151.3000030517578,152.0,150.77999877929688,151.33999633789062,151.33999633789062,1673459
2026-08-13 11:00:00-04:00,732.1400146484375,732.9000244140625,732.0443725585938,732.5808715820312,732.5808715820312,1059394,151.3699951171875,153.64999389648438,151.10000610351562,152.89999389648438,152.89999389648438,2300630
2026-08-13 11:15:00-04:00,732.5999755859375,733.0999755859375,731.7000122070312,731.9099731445312,731.9099731445312,869865,152.88999938964844,154.12989807128906,152.1999969482422,153.0500030517578,153.0500030517578,2129306
2026-08-13 11:30:00-04:00,731.9199829101562,732.125,730.469970703125,731.140380859375,731.140380859375,954246,153.0800018310547,153.35000610351562,149.88999938964844,151.05499267578125,151.05499267578125,2813920
2026-08-13 11:45:00-04:00,731.0549926757812,731.0549926757812,729.8599853515625,730.1400146484375,730.1400146484375,728352,151.0500030517578,151.0500030517578,148.72999572753906,149.6999969482422,149.6999969482422,1867035
2026-08-13 12:00:00-04:00,730.1500244140625,731.510009765625,730.1099853515625,730.6900024414062,730.6900024414062,1075813,149.71800231933594,151.97000122070312,149.6699981689453,150.5749969482422,150.5749969482422,1227589
2026-08-13 12:15:00-04:00,730.739990234375,731.8800048828125,730.5800170898438,731.8300170898438,731.8300170898438,636526,150.56500244140625,152.44749450683594,150.5540008544922,152.25,152.25,822210
2026-08-13 12:30:00-04:00,731.8400268554688,732.1599731445312,731.4000854492188,731.760009765625,731.760009765625,575653,152.3000030517578,152.8800048828125,151.19000244140625,151.7949981689453,151.7949981689453,782767
2026-08-13 12:45:00-04:00,731.75,732.239990234375,731.6199951171875,731.9749755859375,731.9749755859375,334504,151.7725067138672,152.0,150.82000732421875,151.71929931640625,151.71929931640625,507045
2026-08-13 13:00:00-04:00,732.0,732.9500122070312,732.0,732.7999877929688,732.7999877929688,604065,151.6999969482422,152.97999572753906,151.6074981689453,152.72000122070312,152.72000122070312,697607
2026-08-13 13:15:00-04:00,732.7949829101562,733.3499755859375,732.77001953125,733.0484008789062,733.0484008789062,421435,152.6999969482422,153.56410217285156,152.63999938964844,152.9600067138672,152.9600067138672,905556
2026-08-13 13:30:00-04:00,733.0499877929688,733.226318359375,732.530029296875,732.530029296875,732.530029296875,569981,152.9600067138672,153.19949340820312,152.47999572753906,152.52000427246094,152.52000427246094,411353
2026-08-13 13:45:00-04:00,732.5250244140625,732.8400268554688,732.280029296875,732.280029296875,732.280029296875,692559,152.52000427246094,152.8699951171875,151.72999572753906,151.81649780273438,151.81649780273438,544844
2026-08-13 14:00:00-04:00,732.2999877929688,732.5499877929688,731.9299926757812,732.22998046875,732.22998046875,406198,151.85000610351562,152.07000732421875,150.88999938964844,150.94000244140625,150.94000244140625,566071
2026-08-13 14:15:00-04:00,732.2249755859375,732.3699951171875,731.7650146484375,732.0,732.0,683830,150.94500732421875,151.4550018310547,150.61500549316406,150.8800048828125,150.8800048828125,504012
2026-08-13 14:30:00-04:00,732.010009765625,733.0900268554688,732.010009765625,732.9000244140625,732.9000244140625,634789,150.89999389648438,151.5,149.66000366210938,149.8249969482422,149.8249969482422,846291
2026-08-13 14:45:00-04:00,732.9000244140625,733.3099975585938,732.8900146484375,733.2899780273438,733.2899780273438,660522,149.8300018310547,150.7899932861328,149.66000366210938,150.13999938964844,150.13999938964844,881901
2026-08-13 15:00:00-04:00,733.2899780273438,733.9600219726562,732.9500122070312,733.1300048828125,733.1300048828125,717441,150.0800018310547,150.77000427246094,148.3699951171875,148.42999267578125,148.42999267578125,1129539
2026-08-13 15:15:00-04:00,733.1199951171875,733.3200073242188,732.5800170898438,732.77001953125,732.77001953125,603835,148.42999267578125,148.9199981689453,147.13999938964844,147.2899932861328,147.2899932861328,1566211
2026-08-13 15:30:00-04:00,732.739990234375,732.864013671875,732.239990234375,732.2750244140625,732.2750244140625,775857,147.27999877929688,147.35000610351562,145.25,145.3699951171875,145.3699951171875,2919314
2026-08-13 15:45:00-04:00,732.27001953125,732.3200073242188,731.5499877929688,732.0599975585938,732.0599975585938,2189176,145.3199005126953,145.80990600585938,144.13999938964844,145.49000549316406,145.49000549316406,3342777
2026-08-14 09:30:00-04:00,733.260009765625,734.0900268554688,731.7200927734375,733.9000244140625,733.9000244140625,2383514,143.7899932861328,146.0,141.36000061035156,145.82000732421875,145.82000732421875,10047148
2026-08-14 09:45:00-04:00,733.8599853515625,734.3900146484375,732.7000122070312,733.0499877929688,733.0499877929688,1035417,145.75,146.22000122070312,143.72999572753906,144.16000366210938,144.16000366210938,3121721
2026-08-14 10:00:00-04:00,732.9500122070312,734.1599731445312,732.6400146484375,732.9749755859375,732.9749755859375,758523,143.91000366210938,146.64999389648438,143.14999389648438,145.6999969482422,145.6999969482422,2230992
2026-08-14 10:15:00-04:00,732.989990234375,733.114990234375,730.8400268554688,731.4600830078125,731.4600830078125,1769128,145.6699981689453,145.89999389648438,141.9499969482422,143.139892578125,143.139892578125,2998502
2026-08-14 10:30:00-04:00,731.4721069335938,731.8400268554688,730.75,731.4400024414062,731.4400024414062,819525,143.13999938964844,144.97999572753906,142.0500030517578,144.75,144.75,1672994
2026-08-14 10:45:00-04:00,731.3900146484375,731.6400146484375,730.5999755859375,730.5999755859375,730.5999755859375,489182,144.77999877929688,144.9600067138672,143.3820037841797,143.4199981689453,143.4199981689453,962060
2026-08-14 11:00:00-04:00,730.6099853515625,731.0499877929688,729.7598876953125,729.8049926757812,729.8049926757812,661135,143.39500427246094,143.8300018310547,142.0,142.00999450683594,142.00999450683594,1254611
2026-08-14 11:15:00-04:00,729.8049926757812,730.2949829101562,728.4199829101562,729.3201293945312,729.3201293945312,1099779,142.0,142.58999633789062,138.9199981689453,140.96530151367188,140.96530151367188,2772557
2026-08-14 11:30:00-04:00,729.3699951171875,729.3900146484375,728.3200073242188,728.75,728.75,775595,140.97999572753906,141.1300048828125,138.89999389648438,139.63760375976562,139.63760375976562,1358168
2026-08-14 11:45:00-04:00,728.7899780273438,729.3800048828125,728.3300170898438,729.2249755859375,729.2249755859375,712959,139.625,140.71640014648438,138.9600067138672,140.26910400390625,140.26910400390625,1208782
2026-08-14 12:00:00-04:00,729.219970703125,729.6699829101562,728.8599853515625,729.5850219726562,729.5850219726562,748009,140.30999755859375,141.39999389648438,140.28500366210938,141.22000122070312,141.22000122070312,853846
2026-08-14 12:15:00-04:00,729.5800170898438,730.2150268554688,729.4600219726562,730.0700073242188,730.0700073242188,653338,141.1999969482422,142.25999450683594,141.19500732421875,141.9600067138672,141.9600067138672,810781
2026-08-14 12:30:00-04:00,730.0750122070312,730.0999145507812,729.1799926757812,729.25,729.25,543699,141.92999267578125,142.2100067138672,140.85000610351562,141.18479919433594,141.18479919433594,808354
2026-08-14 12:45:00-04:00,729.22998046875,729.4600219726562,728.9500122070312,729.02001953125,729.02001953125,421082,141.1999969482422,141.58580017089844,140.5800018310547,140.67999267578125,140.67999267578125,492161
2026-08-14 13:00:00-04:00,729.0499877929688,729.5380249023438,728.885986328125,729.27001953125,729.27001953125,412480,140.6699981689453,141.49000549316406,140.4600067138672,140.82960510253906,140.82960510253906,459657
2026-08-14 13:15:00-04:00,729.2650146484375,729.4500122070312,728.760009765625,729.0131225585938,729.0131225585938,565370,140.82000732421875,141.02000427246094,139.8000030517578,140.25140380859375,140.25140380859375,517550
2026-08-14 13:30:00-04:00,729.030029296875,729.3300170898438,728.8300170898438,729.02001953125,729.02001953125,392140,140.30999755859375,140.8300018310547,139.8000030517578,140.11000061035156,140.11000061035156,409357
2026-08-14 13:45:00-04:00,729.0062866210938,729.5999755859375,728.780029296875,729.5449829101562,729.5449829101562,422087,140.13999938964844,140.5399932861328,139.80999755859375,140.39999389648438,140.39999389648438,330366
2026-08-14 14:00:00-04:00,729.530029296875,729.7999877929688,729.3699951171875,729.47998046875,729.47998046875,593056,140.4199981689453,141.3000030517578,140.16000366210938,140.75999450683594,140.75999450683594,519717
2026-08-14 14:15:00-04:00,729.47998046875,729.7999877929688,729.1599731445312,729.1799926757812,729.1799926757812,409021,140.77999877929688,141.24000549316406,140.74000549316406,140.80999755859375,140.80999755859375,285084
2026-08-14 14:30:00-04:00,729.22998046875,729.7449951171875,729.0900268554688,729.6699829101562,729.6699829101562,483657,140.8000030517578,141.86000061035156,140.57000732421875,141.75999450683594,141.75999450683594,620046
2026-08-14 14:45:00-04:00,729.6749877929688,730.0800170898438,729.4509887695312,729.6900024414062,729.6900024414062,519722,141.7449951171875,142.2657928466797,141.3300018310547,141.4600067138672,141.4600067138672,570733
2026-08-14 15:00:00-04:00,729.7000122070312,729.8200073242188,729.4099731445312,729.5499877929688,729.5499877929688,877795,141.49000549316406,142.52000427246094,141.25,142.1199951171875,142.1199951171875,869952
2026-08-14 15:15:00-04:00,729.5499877929688,730.0399780273438,729.4000244140625,729.8599853515625,729.8599853515625,751769,142.11500549316406,143.63999938964844,142.07000732421875,143.17999267578125,143.17999267578125,1579635
2026-08-14 15:30:00-04:00,729.8599853515625,730.3300170898438,729.760009765625,730.1699829101562,730.1699829101562,1168944,143.19000244140625,144.30999755859375,142.8000030517578,143.61500549316406,143.61500549316406,3382625
2026-08-14 15:45:00-04:00,730.1500244140625,731.1199951171875,730.0,731.0499877929688,731.0499877929688,2167149,143.69000244140625,145.17999267578125,143.3000030517578,145.0,145.0,3358548
2026-08-17 09:30:00-04:00,732.9600219726562,734.030029296875,731.6400146484375,732.3200073242188,732.3200073242188,2734738,150.60499572753906,152.74000549316406,148.89999389648438,152.2899932861328,152.2899932861328,9870756
2026-08-17 09:45:00-04:00,732.3900146484375,733.7962036132812,731.8599853515625,733.2999877929688,733.2999877929688,1245710,152.2899932861328,153.8699951171875,151.2480926513672,153.3000030517578,153.3000030517578,2720725
2026-08-17 10:00:00-04:00,733.3394775390625,733.5,731.5900268554688,733.10498046875,733.10498046875,1024667,153.34039306640625,153.47000122070312,151.24000549316406,152.94000244140625,152.94000244140625,1830951
2026-08-17 10:15:00-04:00,733.10498046875,733.1199951171875,731.530029296875,732.4400024414062,732.4400024414062,1061413,152.89999389648438,152.89999389648438,151.01829528808594,152.8000030517578,152.8000030517578,1443942
2026-08-17 10:30:00-04:00,732.4500122070312,732.8900146484375,732.2000122070312,732.58251953125,732.58251953125,622366,152.83999633789062,153.5500030517578,152.5800018310547,153.25999450683594,153.25999450683594,1200601
2026-08-17 10:45:00-04:00,732.5999755859375,733.6199951171875,732.5150146484375,733.5599975585938,733.5599975585938,954403,153.375,155.47999572753906,153.36000061035156,155.4600067138672,155.4600067138672,2340609
2026-08-17 11:00:00-04:00,733.5850219726562,734.5800170898438,733.3300170898438,733.9099731445312,733.9099731445312,1273939,155.47000122070312,156.9241943359375,155.02999877929688,155.47000122070312,155.47000122070312,1974582
2026-08-17 11:15:00-04:00,733.9094848632812,734.4099731445312,733.8599853515625,734.1799926757812,734.1799926757812,870901,155.47999572753906,156.5800018310547,155.32000732421875,156.25,156.25,890841
2026-08-17 11:30:00-04:00,734.2000122070312,734.280029296875,732.739990234375,733.2100219726562,733.2100219726562,943457,156.27000427246094,156.3699951171875,154.62620544433594,155.26499938964844,155.26499938964844,962906
2026-08-17 11:45:00-04:00,733.1900024414062,733.7100219726562,732.9000244140625,733.4998779296875,733.4998779296875,570800,155.25999450683594,156.25,155.10000610351562,156.12049865722656,156.12049865722656,803829
2026-08-17 12:00:00-04:00,733.469970703125,733.5499877929688,732.559814453125,732.63623046875,732.63623046875,739177,156.1649932861328,156.2899932861328,154.97999572753906,155.00999450683594,155.00999450683594,577641
2026-08-17 12:15:00-04:00,732.6400146484375,732.97998046875,732.3699951171875,732.7000122070312,732.7000122070312,724953,154.97000122070312,155.83999633789062,154.85000610351562,155.52999877929688,155.52999877929688,402672
2026-08-17 12:30:00-04:00,732.7000122070312,732.8350219726562,732.10009765625,732.135009765625,732.135009765625,545709,155.53500366210938,155.60000610351562,154.8800048828125,155.2899932861328,155.2899932861328,425828
2026-08-17 12:45:00-04:00,732.1300048828125,732.3400268554688,731.9512939453125,732.135009765625,732.135009765625,605753,155.27000427246094,155.99000549316406,154.99000549316406,155.9199981689453,155.9199981689453,567269
2026-08-17 13:00:00-04:00,732.1300048828125,732.219970703125,730.8200073242188,730.8200073242188,730.8200073242188,794581,155.89999389648438,156.0,153.72000122070312,153.72019958496094,153.72019958496094,656921
2026-08-17 13:15:00-04:00,730.8099975585938,731.1400146484375,729.9400024414062,730.0349731445312,730.0349731445312,1932588,153.74000549316406,154.2550048828125,152.67750549316406,152.94000244140625,152.94000244140625,998532
2026-08-17 13:30:00-04:00,730.02001953125,730.752197265625,729.7999877929688,730.6799926757812,730.6799926757812,754573,152.9127960205078,154.1199951171875,152.75999450683594,154.02239990234375,154.02239990234375,785865
2026-08-17 13:45:00-04:00,730.6699829101562,730.77001953125,730.0599975585938,730.1699829101562,730.1699829101562,554245,154.0500030517578,154.4600067138672,153.85000610351562,154.25999450683594,154.25999450683594,414139
2026-08-17 14:00:00-04:00,730.1599731445312,730.4400024414062,729.64501953125,730.1199951171875,730.1199951171875,825486,154.27000427246094,154.58309936523438,152.13999938964844,153.0861053466797,153.0861053466797,926387
2026-08-17 14:15:00-04:00,730.110107421875,730.4400024414062,729.864990234375,730.1900024414062,730.1900024414062,480511,153.08839416503906,153.44000244140625,152.50999450683594,153.17999267578125,153.17999267578125,430703
2026-08-17 14:30:00-04:00,730.1900024414062,730.5850219726562,729.9301147460938,730.530029296875,730.530029296875,416523,153.22000122070312,153.85000610351562,152.83999633789062,153.85000610351562,153.85000610351562,368740
2026-08-17 14:45:00-04:00,730.52001953125,731.0,730.489990234375,730.655029296875,730.655029296875,457679,153.8350067138672,154.3780059814453,153.5800018310547,153.92999267578125,153.92999267578125,658547
2026-08-17 15:00:00-04:00,730.6599731445312,730.719970703125,729.75,729.760009765625,729.760009765625,703572,153.9600067138672,154.0283966064453,151.2100067138672,151.2115936279297,151.2115936279297,1278756
2026-08-17 15:15:00-04:00,729.739990234375,730.4500122070312,729.7000122070312,729.969970703125,729.969970703125,926612,151.24000549316406,152.0,150.66000366210938,150.80999755859375,150.80999755859375,1642506
2026-08-17 15:30:00-04:00,729.9400024414062,730.3699951171875,729.8400268554688,730.1599731445312,730.1599731445312,799319,150.8000030517578,152.99000549316406,150.64999389648438,152.25999450683594,152.25999450683594,3423474
2026-08-17 15:45:00-04:00,730.1799926757812,730.614990234375,729.27001953125,729.8599243164062,729.8599243164062,2436986,152.27999877929688,152.97000122070312,150.92999267578125,151.56649780273438,151.56649780273438,3531088
2026-08-18 09:30:00-04:00,720.219970703125,722.1300048828125,718.7899780273438,720.1599731445312,720.1599731445312,4874100,134.19500732421875,137.60000610351562,132.27149963378906,132.27200317382812,132.27200317382812,19024851
2026-08-18 09:45:00-04:00,720.1199951171875,720.4299926757812,718.1099853515625,719.125,719.125,2888549,132.27999877929688,132.5780029296875,128.49000549316406,130.3800048828125,130.3800048828125,7210955
2026-08-18 10:00:00-04:00,719.1400146484375,720.5599975585938,717.239990234375,717.6699829101562,717.6699829101562,1893185,130.4199981689453,131.74000549316406,126.63999938964844,127.19999694824219,127.19999694824219,5519114
2026-08-18 10:15:00-04:00,717.6699829101562,720.02001953125,717.469970703125,719.731689453125,719.731689453125,1874055,127.13169860839844,130.5299072265625,126.72000122070312,129.939697265625,129.939697265625,3881168
2026-08-18 10:30:00-04:00,719.5999755859375,720.2000122070312,718.2750244140625,718.3150024414062,718.3150024414062,1517258,129.89999389648438,130.82000732421875,127.05000305175781,127.08999633789062,127.08999633789062,2782622
2026-08-18 10:45:00-04:00,718.2999877929688,718.5599975585938,716.4600219726562,716.719970703125,716.719970703125,2668489,127.06449890136719,127.30000305175781,123.70999908447266,124.06999969482422,124.06999969482422,4501724
2026-08-18 11:00:00-04:00,716.72998046875,717.3099975585938,715.9199829101562,716.6900024414062,716.6900024414062,1927682,124.06999969482422,125.30000305175781,122.4000015258789,123.93009948730469,123.93009948730469,4078154
2026-08-18 11:15:00-04:00,716.697509765625,717.9749755859375,716.3499755859375,717.7625732421875,717.7625732421875,2124544,123.95999908447266,125.88999938964844,122.9000015258789,125.58899688720703,125.58899688720703,2806070
2026-08-18 11:30:00-04:00,717.7000122070312,718.2000122070312,717.1500244140625,717.9199829101562,717.9199829101562,1836145,125.58999633789062,126.69000244140625,124.79010009765625,125.94000244140625,125.94000244140625,2576156
2026-08-18 11:45:00-04:00,717.9349975585938,718.969970703125,717.9349975585938,718.8699951171875,718.8699951171875,1657647,126.02999877929688,127.5,125.9800033569336,127.3499984741211,127.3499984741211,2062260
2026-08-18 12:00:00-04:00,718.8800048828125,719.489990234375,718.590087890625,719.0900268554688,719.0900268554688,2367583,127.3499984741211,127.95999908447266,126.30000305175781,126.65499877929688,126.65499877929688,1569540
2026-08-18 12:15:00-04:00,719.1099853515625,719.3400268554688,718.2000122070312,718.22998046875,718.22998046875,1494897,126.6500015258789,126.80000305175781,124.81592559814453,124.87999725341797,124.87999725341797,1279357
2026-08-18 12:30:00-04:00,718.2000122070312,719.155029296875,718.0501098632812,718.6749877929688,718.6749877929688,1231207,124.8499984741211,126.44999694824219,124.68499755859375,125.91000366210938,125.91000366210938,1044414
2026-08-18 12:45:00-04:00,718.6900024414062,719.6699829101562,718.4299926757812,719.1799926757812,719.1799926757812,1382314,125.91999816894531,127.44999694824219,125.56999969482422,126.30000305175781,126.30000305175781,1122536
2026-08-18 13:00:00-04:00,719.155029296875,719.4398803710938,718.4099731445312,718.7999877929688,718.7999877929688,1032084,126.30899810791016,126.9800033569336,125.56050109863281,126.37999725341797,126.37999725341797,774467
2026-08-18 13:15:00-04:00,718.7999877929688,718.8200073242188,717.7999877929688,718.3499755859375,718.3499755859375,871620,126.41000366210938,126.44999694824219,125.27999877929688,126.18000030517578,126.18000030517578,726216
2026-08-18 13:30:00-04:00,718.3400268554688,718.469970703125,717.75,718.0549926757812,718.0549926757812,1797235,126.08000183105469,126.58000183105469,125.5999984741211,126.0,126.0,509788
2026-08-18 13:45:00-04:00,718.0449829101562,718.3099975585938,717.125,717.125,717.125,1096354,126.0,126.25,124.38999938964844,124.4072036743164,124.4072036743164,993381
2026-08-18 14:00:00-04:00,717.1199951171875,717.4400024414062,716.6900024414062,717.3400268554688,717.3400268554688,1263398,124.40499877929688,125.05000305175781,123.19999694824219,124.18009948730469,124.18009948730469,1470573
2026-08-18 14:15:00-04:00,717.3599243164062,718.2899780273438,717.2789916992188,718.010009765625,718.010009765625,1458561,124.22019958496094,125.66999816894531,124.17990112304688,125.2699966430664,125.2699966430664,1208294
2026-08-18 14:30:00-04:00,718.010009765625,718.260009765625,717.5833129882812,717.655029296875,717.655029296875,763398,125.2699966430664,126.48999786376953,125.0,126.12000274658203,126.12000274658203,1085482
2026-08-18 14:45:00-04:00,717.6300048828125,717.875,717.1199951171875,717.239990234375,717.239990234375,798784,126.1500015258789,126.94000244140625,125.2239990234375,125.79000091552734,125.79000091552734,1483747
2026-08-18 15:00:00-04:00,717.239990234375,717.5900268554688,717.0800170898438,717.27001953125,717.27001953125,778169,125.7699966430664,126.5,125.35099792480469,125.97000122070312,125.97000122070312,1250618
2026-08-18 15:15:00-04:00,717.27001953125,718.0800170898438,717.1099853515625,717.9199829101562,717.9199829101562,866312,125.98999786376953,128.02999877929688,125.43060302734375,127.58999633789062,127.58999633789062,2498738
2026-08-18 15:30:00-04:00,717.9199829101562,718.0700073242188,717.5499877929688,717.9500122070312,717.9500122070312,1302700,127.55999755859375,128.25,126.58000183105469,128.00140380859375,128.00140380859375,5554917
2026-08-18 15:45:00-04:00,717.9400024414062,718.1699829101562,716.9199829101562,717.5900268554688,717.5900268554688,4211084,128.02499389648438,129.1300048828125,126.15039825439453,129.0,129.0,5522933
2026-08-19 09:30:00-04:00,720.4099731445312,721.4998779296875,717.1199951171875,718.260009765625,718.260009765625,4883460,132.6300048828125,133.74000549316406,124.11000061035156,126.56999969482422,126.56999969482422,20209124
2026-08-19 09:45:00-04:00,718.2899780273438,718.8499755859375,713.3699951171875,715.5,715.5,3448246,126.75,127.5199966430664,120.05999755859375,121.83000183105469,121.83000183105469,7049081
2026-08-19 10:00:00-04:00,715.510009765625,715.9299926757812,712.6749877929688,712.739990234375,712.739990234375,2456664,121.91000366210938,122.4800033569336,116.83999633789062,117.18000030517578,117.18000030517578,5955144
2026-08-19 10:15:00-04:00,712.77001953125,715.1900024414062,712.6099853515625,715.1699829101562,715.1699829101562,1861177,117.20999908447266,120.77999877929688,117.0,120.75,120.75,4801370
2026-08-19 10:30:00-04:00,715.1400146484375,717.405029296875,714.8200073242188,717.1201171875,717.1201171875,1560212,120.73999786376953,123.55000305175781,120.0,122.47579956054688,122.47579956054688,4117019
2026-08-19 10:45:00-04:00,717.1400146484375,718.5999755859375,716.239990234375,718.5900268554688,718.5900268554688,1162859,122.48999786376953,122.91999816894531,120.25,122.86000061035156,122.86000061035156,2333594
2026-08-19 11:00:00-04:00,718.5700073242188,718.72998046875,717.5800170898438,718.4099731445312,718.4099731445312,763877,122.85009765625,122.8635025024414,120.41000366210938,122.4801025390625,122.4801025390625,1696440
2026-08-19 11:15:00-04:00,718.4161987304688,718.7369995117188,717.77001953125,718.3200073242188,718.3200073242188,448075,122.5,122.82990264892578,121.6500015258789,122.51000213623047,122.51000213623047,1100462
2026-08-19 11:30:00-04:00,718.3200073242188,718.3800048828125,716.7999877929688,717.9299926757812,717.9299926757812,804649,122.48999786376953,122.62999725341797,120.6500015258789,122.19999694824219,122.19999694824219,1054878
2026-08-19 11:45:00-04:00,717.9299926757812,718.3900146484375,717.2899780273438,718.1699829101562,718.1699829101562,659045,122.19000244140625,122.19999694824219,120.55999755859375,121.88999938964844,121.88999938964844,873752
2026-08-19 12:00:00-04:00,718.1799926757812,719.3298950195312,717.7100219726562,718.9301147460938,718.9301147460938,965163,121.87000274658203,123.73609924316406,121.20500183105469,122.88500213623047,122.88500213623047,1537821
2026-08-19 12:15:00-04:00,718.9299926757812,719.7000122070312,718.1099853515625,718.2999877929688,718.2999877929688,608481,122.87999725341797,123.77999877929688,122.31999969482422,122.54000091552734,122.54000091552734,925561
2026-08-19 12:30:00-04:00,718.260009765625,718.52001953125,717.9000244140625,718.280029296875,718.280029296875,476029,122.55000305175781,123.72000122070312,122.14009857177734,123.29000091552734,123.29000091552734,731618
2026-08-19 12:45:00-04:00,718.27001953125,718.280029296875,716.8599853515625,717.0549926757812,717.0549926757812,568543,123.30500030517578,123.3499984741211,121.69999694824219,121.91999816894531,121.91999816894531,766047
2026-08-19 13:00:00-04:00,717.0650024414062,717.344970703125,716.5800170898438,716.75,716.75,627288,121.87999725341797,122.33000183105469,121.21499633789062,121.33000183105469,121.33000183105469,743237
2026-08-19 13:15:00-04:00,716.77001953125,716.9299926757812,715.8300170898438,716.5399780273438,716.5399780273438,931374,121.30999755859375,121.79000091552734,120.60040283203125,121.0999984741211,121.0999984741211,790511
2026-08-19 13:30:00-04:00,716.5399780273438,716.6300048828125,715.9400024414062,716.469970703125,716.469970703125,726665,121.09809875488281,121.30999755859375,120.33999633789062,120.83999633789062,120.83999633789062,680060
2026-08-19 13:45:00-04:00,716.4600219726562,717.049072265625,716.4099731445312,716.6300048828125,716.6300048828125,835262,120.83000183105469,121.25,120.44999694824219,120.57499694824219,120.57499694824219,521175
2026-08-19 14:00:00-04:00,716.6599731445312,717.7899780273438,715.5725708007812,716.0499877929688,716.0499877929688,879211,120.57749938964844,121.65950012207031,118.62249755859375,119.19000244140625,119.19000244140625,1868077
2026-08-19 14:15:00-04:00,716.0399780273438,716.5399780273438,715.3800048828125,716.5,716.5,784168,119.19000244140625,120.21499633789062,118.55000305175781,120.1500015258789,120.1500015258789,1058651
2026-08-19 14:30:00-04:00,716.5001220703125,717.469970703125,716.47998046875,717.0,717.0,877874,120.17500305175781,121.92220306396484,120.125,121.48829650878906,121.48829650878906,1502614
2026-08-19 14:45:00-04:00,717.010009765625,717.02001953125,716.25,716.4000244140625,716.4000244140625,384477,121.47000122070312,121.48359680175781,120.11000061035156,120.84500122070312,120.84500122070312,973994
2026-08-19 15:00:00-04:00,716.41748046875,716.989990234375,716.2949829101562,716.719970703125,716.719970703125,721478,120.84500122070312,121.44999694824219,120.52999877929688,121.26000213623047,121.26000213623047,1082706
2026-08-19 15:15:00-04:00,716.7249755859375,717.510009765625,716.6500244140625,716.9304809570312,716.9304809570312,665752,121.23500061035156,122.55000305175781,120.80999755859375,121.81500244140625,121.81500244140625,2107976
2026-08-19 15:30:00-04:00,716.9600219726562,717.760009765625,716.239990234375,716.3200073242188,716.3200073242188,1626411,121.80500030517578,122.43000030517578,120.95999908447266,121.21499633789062,121.21499633789062,4488151
2026-08-19 15:45:00-04:00,716.3250122070312,716.3599853515625,715.239990234375,716.1099853515625,716.1099853515625,3287475,121.21499633789062,121.26000213623047,119.61000061035156,120.55999755859375,120.55999755859375,5239200
2026-08-20 09:30:00-04:00,712.280029296875,714.9400024414062,711.76318359375,714.2899780273438,714.2899780273438,4108085,119.98999786376953,123.93949890136719,119.40499877929688,122.08000183105469,122.08000183105469,14201865
2026-08-20 09:45:00-04:00,714.2750244140625,714.7000122070312,711.0700073242188,712.110107421875,712.110107421875,1681328,122.04000091552734,122.83000183105469,117.42009735107422,118.87000274658203,118.87000274658203,4635134
2026-08-20 10:00:00-04:00,712.1594848632812,713.52001953125,711.2666015625,712.5,712.5,1477467,118.87000274658203,122.58999633789062,118.34500122070312,121.5999984741211,121.5999984741211,3101528
2026-08-20 10:15:00-04:00,712.52001953125,713.5800170898438,711.0499877929688,712.0900268554688,712.0900268554688,1621079,121.5,122.77999877929688,119.48470306396484,121.38999938964844,121.38999938964844,2648683
2026-08-20 10:30:00-04:00,712.0599975585938,714.0,711.5900268554688,713.780029296875,713.780029296875,957521,121.37999725341797,123.9800033569336,120.69999694824219,123.81500244140625,123.81500244140625,2101098
2026-08-20 10:45:00-04:00,713.8200073242188,714.0800170898438,712.0499877929688,713.1094970703125,713.1094970703125,722497,123.83999633789062,123.96990203857422,121.95999908447266,122.9749984741211,122.9749984741211,1563789
2026-08-20 11:00:00-04:00,713.0900268554688,714.625,711.469970703125,712.4400024414062,712.4400024414062,1704003,123.0,124.55999755859375,121.36499786376953,122.46410369873047,122.46410369873047,2328147
2026-08-20 11:15:00-04:00,712.4500122070312,712.510009765625,710.8900146484375,711.95361328125,711.95361328125,1363355,122.375,122.80000305175781,120.80999755859375,121.58499908447266,121.58499908447266,1170776
2026-08-20 11:30:00-04:00,711.9299926757812,712.0800170898438,710.3099975585938,710.3350219726562,710.3350219726562,1698820,121.58499908447266,121.80000305175781,119.47000122070312,119.69999694824219,119.69999694824219,1495917
2026-08-20 11:45:00-04:00,710.3400268554688,711.625,710.1337280273438,711.5650024414062,711.5650024414062,685139,119.72000122070312,121.29000091552734,119.18000030517578,121.23999786376953,121.23999786376953,1277455
2026-08-20 12:00:00-04:00,711.5900268554688,711.9249877929688,710.9237060546875,711.0900268554688,711.0900268554688,592231,121.27999877929688,121.5999984741211,120.44000244140625,120.71499633789062,120.71499633789062,727395
2026-08-20 12:15:00-04:00,711.0499877929688,712.2000122070312,711.0,711.9149780273438,711.9149780273438,909914,120.69000244140625,121.7698974609375,120.44999694824219,121.2300033569336,121.2300033569336,585633
2026-08-20 12:30:00-04:00,711.8499755859375,712.72998046875,711.1300048828125,712.719970703125,712.719970703125,561615,121.18499755859375,121.37000274658203,120.3301010131836,121.25,121.25,544432
2026-08-20 12:45:00-04:00,712.72998046875,713.0,712.2200927734375,712.7847290039062,712.7847290039062,686667,121.2594985961914,121.93990325927734,120.90010070800781,121.80000305175781,121.80000305175781,477921
2026-08-20 13:00:00-04:00,712.7999877929688,712.8099975585938,711.7000122070312,711.75,711.75,438617,121.80999755859375,121.9000015258789,121.22000122070312,121.56999969482422,121.56999969482422,385769
2026-08-20 13:15:00-04:00,711.77001953125,711.7799072265625,710.7349853515625,710.7899780273438,710.7899780273438,565314,121.56500244140625,121.58999633789062,120.53459930419922,120.80000305175781,120.80000305175781,437644
2026-08-20 13:30:00-04:00,710.7550048828125,710.97998046875,710.4600219726562,710.6799926757812,710.6799926757812,667417,120.79000091552734,120.9000015258789,120.33999633789062,120.8499984741211,120.8499984741211,333774
2026-08-20 13:45:00-04:00,710.6300048828125,711.4868774414062,710.5700073242188,710.72998046875,710.72998046875,606901,120.84500122070312,121.46440124511719,120.77999877929688,121.16500091552734,121.16500091552734,434575
2026-08-20 14:00:00-04:00,710.7150268554688,710.7150268554688,708.81689453125,709.1950073242188,709.1950073242188,1174596,121.08000183105469,121.13200378417969,119.56710052490234,120.11000061035156,120.11000061035156,775703
2026-08-20 14:15:00-04:00,709.1801147460938,709.6199951171875,708.52001953125,709.219970703125,709.219970703125,601774,120.12650299072266,120.48989868164062,119.41999816894531,120.0989990234375,120.0989990234375,607914
2026-08-20 14:30:00-04:00,709.2000122070312,709.3150024414062,708.719970703125,709.2401123046875,709.2401123046875,834027,120.08999633789062,120.20999908447266,119.27999877929688,119.7135009765625,119.7135009765625,483196
2026-08-20 14:45:00-04:00,709.25,709.8400268554688,709.0999755859375,709.47998046875,709.47998046875,489191,119.69999694824219,120.94999694824219,119.6604995727539,120.62999725341797,120.62999725341797,473618
2026-08-20 15:00:00-04:00,709.4500122070312,710.6630859375,709.4400024414062,710.3599853515625,710.3599853515625,1019072,120.5999984741211,121.80000305175781,120.54000091552734,121.4198989868164,121.4198989868164,702000
2026-08-20 15:15:00-04:00,710.3699951171875,710.989990234375,710.0800170898438,710.9299926757812,710.9299926757812,801626,121.37999725341797,122.62999725341797,121.25,122.19999694824219,122.19999694824219,1100991
2026-08-20 15:30:00-04:00,710.9310302734375,711.6500244140625,710.6300048828125,711.0700073242188,711.0700073242188,1541348,122.197998046875,122.26000213623047,121.6050033569336,121.87000274658203,121.87000274658203,2362277
2026-08-20 15:45:00-04:00,711.0800170898438,711.5399780273438,710.4738159179688,710.9500122070312,710.9500122070312,3190500,121.86000061035156,122.29000091552734,121.41000366210938,122.19999694824219,122.19999694824219,3494511
2026-08-21 09:30:00-04:00,715.22998046875,715.3699951171875,711.4000244140625,711.5999755859375,711.5999755859375,3798243,126.58999633789062,126.79000091552734,122.19000244140625,122.88999938964844,122.88999938964844,10131030
2026-08-21 09:45:00-04:00,711.6699829101562,712.530029296875,710.0999755859375,711.27001953125,711.27001953125,1559785,122.83000183105469,124.9800033569336,121.05000305175781,122.09839630126953,122.09839630126953,2928672
2026-08-21 10:00:00-04:00,711.219482421875,711.969970703125,709.8900146484375,710.0499877929688,710.0499877929688,1255198,122.05000305175781,122.60379791259766,118.23999786376953,118.37999725341797,118.37999725341797,3388795
2026-08-21 10:15:00-04:00,709.969970703125,711.3699951171875,709.2050170898438,710.5900268554688,710.5900268554688,1605025,118.37000274658203,120.08000183105469,117.12000274658203,119.18499755859375,119.18499755859375,3662461
2026-08-21 10:30:00-04:00,710.5999755859375,711.3499755859375,710.1635131835938,711.0250244140625,711.0250244140625,680051,119.17500305175781,120.11000061035156,117.91999816894531,118.80000305175781,118.80000305175781,1797156
2026-08-21 10:45:00-04:00,710.9949951171875,711.9099731445312,710.8599853515625,711.9000244140625,711.9000244140625,901981,118.75,119.45980072021484,116.70999908447266,117.29000091552734,117.29000091552734,2580981
2026-08-21 11:00:00-04:00,711.9000244140625,712.780029296875,711.7849731445312,712.4099731445312,712.4099731445312,1618380,117.3499984741211,118.94999694824219,117.05999755859375,118.69989776611328,118.69989776611328,1737802
2026-08-21 11:15:00-04:00,712.4099731445312,712.8499755859375,711.9149780273438,712.739990234375,712.739990234375,747095,118.6500015258789,119.16999816894531,117.66000366210938,119.06659698486328,119.06659698486328,1061758
2026-08-21 11:30:00-04:00,712.780029296875,715.27001953125,712.6799926757812,714.7949829101562,714.7949829101562,2265661,119.05999755859375,120.91000366210938,118.95999908447266,119.96549987792969,119.96549987792969,2067432
2026-08-21 11:45:00-04:00,714.7999877929688,715.673828125,714.1525268554688,714.6099853515625,714.6099853515625,1124522,120.01000213623047,120.88999938964844,119.30999755859375,119.52010345458984,119.52010345458984,1009947
2026-08-21 12:00:00-04:00,714.5449829101562,714.6849975585938,713.3001098632812,713.4500122070312,713.4500122070312,1162372,119.55000305175781,119.97000122070312,118.18000030517578,118.45500183105469,118.45500183105469,1059120
2026-08-21 12:15:00-04:00,713.4299926757812,714.7999877929688,713.260009765625,713.77001953125,713.77001953125,1280570,118.41000366210938,119.88999938964844,118.33999633789062,118.98999786376953,118.98999786376953,1018120
2026-08-21 12:30:00-04:00,713.7794799804688,714.1099853515625,713.3900146484375,713.969482421875,713.969482421875,978631,118.94499969482422,119.29989624023438,118.51000213623047,119.13999938964844,119.13999938964844,540859
2026-08-21 12:45:00-04:00,713.9500122070312,713.9500122070312,713.0499877929688,713.8300170898438,713.8300170898438,683859,119.12999725341797,119.19999694824219,118.18000030517578,118.5999984741211,118.5999984741211,507664
2026-08-21 13:00:00-04:00,713.8099975585938,714.0999755859375,713.530029296875,713.72998046875,713.72998046875,682398,118.5999984741211,119.05819702148438,118.5,118.74500274658203,118.74500274658203,324354
2026-08-21 13:15:00-04:00,713.739990234375,713.77001953125,712.969970703125,713.4149780273438,713.4149780273438,520066,118.6500015258789,118.87999725341797,117.93000030517578,118.72000122070312,118.72000122070312,691155
2026-08-21 13:30:00-04:00,713.4249877929688,713.6300048828125,713.1199951171875,713.5900268554688,713.5900268554688,383985,118.7699966430664,119.9800033569336,118.69999694824219,119.9749984741211,119.9749984741211,611741
2026-08-21 13:45:00-04:00,713.64501953125,713.7750244140625,713.0900268554688,713.1199951171875,713.1199951171875,390914,119.98999786376953,120.5,119.7699966430664,120.34500122070312,120.34500122070312,710217
2026-08-21 14:00:00-04:00,713.1298828125,713.6300048828125,712.885009765625,712.885009765625,712.885009765625,839391,120.33999633789062,120.86000061035156,120.16500091552734,120.16850280761719,120.16850280761719,741666
2026-08-21 14:15:00-04:00,712.9127197265625,713.3099975585938,712.655029296875,712.655029296875,712.655029296875,678200,120.19000244140625,120.95390319824219,120.12000274658203,120.1449966430664,120.1449966430664,478836
2026-08-21 14:30:00-04:00,712.655029296875,712.8699951171875,712.4299926757812,712.7498779296875,712.7498779296875,466080,120.11000061035156,120.41000366210938,119.73380279541016,120.12999725341797,120.12999725341797,600854
2026-08-21 14:45:00-04:00,712.739990234375,713.5899047851562,712.6699829101562,713.5650024414062,713.5650024414062,1016453,120.12000274658203,120.68000030517578,119.9000015258789,120.62550354003906,120.62550354003906,471176
2026-08-21 15:00:00-04:00,713.5494995117188,713.8900146484375,713.2000122070312,713.27001953125,713.27001953125,1295258,120.61000061035156,121.12000274658203,120.52999877929688,120.63500213623047,120.63500213623047,719238
2026-08-21 15:15:00-04:00,713.25,713.6749877929688,713.0900268554688,713.4199829101562,713.4199829101562,586161,120.6449966430664,121.12999725341797,120.5199966430664,120.95500183105469,120.95500183105469,1368084
2026-08-21 15:30:00-04:00,713.4099731445312,713.8200073242188,713.4099731445312,713.7999877929688,713.7999877929688,759000,120.94999694824219,121.30999755859375,120.01499938964844,120.18090057373047,120.18090057373047,2274554
2026-08-21 15:45:00-04:00,713.7999877929688,714.3099975585938,712.9099731445312,713.4099731445312,713.4099731445312,2906308,120.19499969482422,120.86199951171875,119.72000122070312,120.59010314941406,120.59010314941406,3573465
2026-08-24 09:30:00-04:00,709.625,709.7899780273438,703.3800048828125,703.4400024414062,703.4400024414062,3974836,115.0,115.05000305175781,108.0,108.16000366210938,108.16000366210938,14070732
2026-08-24 09:45:00-04:00,703.4299926757812,704.8150024414062,702.7000122070312,704.47998046875,704.47998046875,2042735,108.1500015258789,109.66439819335938,106.0,107.53309631347656,107.53309631347656,6867076
2026-08-24 10:00:00-04:00,704.4400024414062,704.8106079101562,702.8300170898438,703.77001953125,703.77001953125,1603593,107.55000305175781,107.5999984741211,106.08480072021484,107.31500244140625,107.31500244140625,3676044
2026-08-24 10:15:00-04:00,703.780029296875,704.7100219726562,703.1599731445312,704.22998046875,704.22998046875,1218627,107.33999633789062,107.80000305175781,106.16000366210938,106.94999694824219,106.94999694824219,3209885
2026-08-24 10:30:00-04:00,704.1599731445312,706.5449829101562,703.9500122070312,706.030029296875,706.030029296875,1707013,106.91999816894531,108.88999938964844,106.7300033569336,108.18000030517578,108.18000030517578,3121771
2026-08-24 10:45:00-04:00,705.97998046875,706.531494140625,705.77001953125,705.9299926757812,705.9299926757812,906188,108.19000244140625,108.75,107.1500015258789,107.26000213623047,107.26000213623047,1856983
2026-08-24 11:00:00-04:00,705.9299926757812,706.2000122070312,704.9149780273438,705.0599975585938,705.0599975585938,1092756,107.2698974609375,107.61000061035156,106.11000061035156,106.62000274658203,106.62000274658203,2620708
2026-08-24 11:15:00-04:00,705.0599975585938,707.1900024414062,704.822021484375,706.8300170898438,706.8300170898438,1463283,106.62999725341797,108.62989807128906,106.45999908447266,108.34500122070312,108.34500122070312,1632619
2026-08-24 11:30:00-04:00,706.7999877929688,708.280029296875,706.510009765625,708.1400146484375,708.1400146484375,1294442,108.34010314941406,110.51000213623047,108.19999694824219,110.41570281982422,110.41570281982422,2712641
2026-08-24 11:45:00-04:00,708.1500244140625,708.8438720703125,707.5599975585938,707.989990234375,707.989990234375,1257939,110.44999694824219,111.65499877929688,109.94999694824219,110.80000305175781,110.80000305175781,2225678
2026-08-24 12:00:00-04:00,707.9801025390625,708.489990234375,707.7100219726562,708.2886962890625,708.2886962890625,735646,110.79000091552734,111.47000122070312,110.4000015258789,111.47000122070312,111.47000122070312,1323080
2026-08-24 12:15:00-04:00,708.2849731445312,709.3358764648438,708.25,708.8403930664062,708.8403930664062,854751,111.47000122070312,112.59880065917969,111.45800018310547,111.81999969482422,111.81999969482422,1433297
2026-08-24 12:30:00-04:00,708.8494873046875,709.0250244140625,708.1300048828125,708.389892578125,708.389892578125,859324,111.82499694824219,112.0999984741211,110.63369750976562,110.91999816894531,110.91999816894531,870709
2026-08-24 12:45:00-04:00,708.3900146484375,708.5599975585938,708.0250244140625,708.0250244140625,708.0250244140625,760062,110.93499755859375,111.12999725341797,110.44010162353516,110.5,110.5,602963
2026-08-24 13:00:00-04:00,708.030029296875,708.97998046875,707.6400146484375,708.594970703125,708.594970703125,1026878,110.5,111.91999816894531,110.13999938964844,111.62049865722656,111.62049865722656,861488
2026-08-24 13:15:00-04:00,708.598876953125,708.5999755859375,707.0911865234375,707.2349853515625,707.2349853515625,841899,111.62000274658203,111.62000274658203,110.19999694824219,110.2699966430664,110.2699966430664,680177
2026-08-24 13:30:00-04:00,707.25,707.3300170898438,706.7705078125,706.7708740234375,706.7708740234375,790862,110.26000213623047,110.44999694824219,109.81999969482422,109.92009735107422,109.92009735107422,745839
2026-08-24 13:45:00-04:00,706.7894897460938,707.35498046875,706.739990234375,706.9000244140625,706.9000244140625,701198,109.91000366210938,110.47000122070312,109.8604965209961,110.2699966430664,110.2699966430664,368044
2026-08-24 14:00:00-04:00,706.9099731445312,708.4550170898438,706.885986328125,708.4146118164062,708.4146118164062,859791,110.31999969482422,112.25,110.2699966430664,112.20809936523438,112.20809936523438,846817
2026-08-24 14:15:00-04:00,708.4349975585938,709.280029296875,708.0900268554688,709.1599731445312,709.1599731445312,1113220,112.22000122070312,113.10990142822266,111.80999755859375,112.68499755859375,112.68499755859375,1082605
2026-08-24 14:30:00-04:00,709.1699829101562,709.530029296875,708.260009765625,708.4799194335938,708.4799194335938,962513,112.72000122070312,113.36000061035156,112.3385009765625,112.81500244140625,112.81500244140625,849864
2026-08-24 14:45:00-04:00,708.4600219726562,708.5800170898438,707.6099853515625,707.6300048828125,707.6300048828125,851722,112.77999877929688,112.83000183105469,111.91000366210938,111.91000366210938,111.91000366210938,530826
2026-08-24 15:00:00-04:00,707.625,707.8099975585938,707.3499755859375,707.655029296875,707.655029296875,654051,111.91000366210938,112.56500244140625,111.75,112.08999633789062,112.08999633789062,963505
2026-08-24 15:15:00-04:00,707.655029296875,707.9099731445312,707.3300170898438,707.7150268554688,707.7150268554688,864796,112.08000183105469,112.3499984741211,111.37999725341797,112.18000030517578,112.18000030517578,1190713
2026-08-24 15:30:00-04:00,707.739990234375,708.0499877929688,706.9000244140625,707.02001953125,707.02001953125,1727487,112.18000030517578,112.8499984741211,110.8311996459961,111.37999725341797,111.37999725341797,4606481
2026-08-24 15:45:00-04:00,707.0499877929688,707.3099975585938,706.2100219726562,706.239990234375,706.239990234375,4512451,111.38999938964844,111.48930358886719,109.75,111.19000244140625,111.19000244140625,5595701
2026-08-25 09:30:00-04:00,711.27001953125,713.1300048828125,710.7999877929688,712.5250244140625,712.5250244140625,3017618,117.37000274658203,119.87999725341797,116.01010131835938,117.52999877929688,117.52999877929688,12640655
2026-08-25 09:45:00-04:00,712.5,714.0399780273438,711.0999755859375,711.6099853515625,711.6099853515625,1767032,117.54000091552734,119.48989868164062,116.5999984741211,117.1500015258789,117.1500015258789,3137925
2026-08-25 10:00:00-04:00,711.6699829101562,711.6799926757812,709.9149780273438,710.010009765625,710.010009765625,1267209,117.1500015258789,117.16100311279297,115.20010375976562,115.37999725341797,115.37999725341797,2791331
2026-08-25 10:15:00-04:00,710.02001953125,710.5999755859375,709.1400756835938,709.2999877929688,709.2999877929688,1442359,115.3499984741211,116.1500015258789,113.45999908447266,114.69000244140625,114.69000244140625,2734065
2026-08-25 10:30:00-04:00,709.239990234375,710.5499877929688,707.4500122070312,709.3599853515625,709.3599853515625,1609361,114.71389770507812,116.42369842529297,113.13009643554688,115.11000061035156,115.11000061035156,2553483
2026-08-25 10:45:00-04:00,709.260009765625,710.385009765625,709.0800170898438,709.6900024414062,709.6900024414062,882096,115.0999984741211,116.19000244140625,114.55999755859375,115.62000274658203,115.62000274658203,1174759
2026-08-25 11:00:00-04:00,709.6900024414062,709.7899780273438,708.8800048828125,709.5,709.5,696385,115.61499786376953,115.69999694824219,114.87999725341797,115.1500015258789,115.1500015258789,847152
2026-08-25 11:15:00-04:00,709.509521484375,710.8599853515625,709.4000244140625,710.7899780273438,710.7899780273438,607022,115.12999725341797,116.5,115.0,116.37999725341797,116.37999725341797,1010501
2026-08-25 11:30:00-04:00,710.760009765625,711.52001953125,710.27001953125,710.530029296875,710.530029296875,1023067,116.41000366210938,117.0,115.71009826660156,115.77999877929688,115.77999877929688,1003862
2026-08-25 11:45:00-04:00,710.489990234375,710.6749877929688,709.469970703125,710.4349975585938,710.4349975585938,533883,115.75,115.77339935302734,115.05000305175781,115.5,115.5,661898
2026-08-25 12:00:00-04:00,710.47998046875,711.0599975585938,710.4099731445312,710.8001098632812,710.8001098632812,627103,115.51499938964844,116.5,115.42729949951172,116.2699966430664,116.2699966430664,651549
2026-08-25 12:15:00-04:00,710.8099975585938,711.260009765625,710.7210083007812,711.1599731445312,711.1599731445312,438746,116.26499938964844,116.72000122070312,116.22000122070312,116.5,116.5,615363
2026-08-25 12:30:00-04:00,711.1795043945312,711.2899780273438,710.3400268554688,710.489990234375,710.489990234375,420317,116.4800033569336,116.48999786376953,115.55010223388672,115.69499969482422,115.69499969482422,357225
2026-08-25 12:45:00-04:00,710.5,710.9099731445312,710.1900024414062,710.7050170898438,710.7050170898438,438485,115.68000030517578,115.94000244140625,115.23049926757812,115.56500244140625,115.56500244140625,536785
2026-08-25 13:00:00-04:00,710.7116088867188,710.7999877929688,709.4801025390625,709.9207763671875,709.9207763671875,512762,115.56999969482422,115.80999755859375,114.69000244140625,115.06999969482422,115.06999969482422,678889
2026-08-25 13:15:00-04:00,709.9099731445312,710.2999267578125,709.27001953125,709.47998046875,709.47998046875,501920,115.08000183105469,115.25,114.7699966430664,114.94999694824219,114.94999694824219,490260
2026-08-25 13:30:00-04:00,709.5,709.7100219726562,709.3099975585938,709.4398803710938,709.4398803710938,424739,114.9800033569336,115.4000015258789,114.80999755859375,115.11000061035156,115.11000061035156,393531
2026-08-25 13:45:00-04:00,709.4395141601562,709.6500244140625,709.3049926757812,709.5440063476562,709.5440063476562,282855,115.0999984741211,115.33000183105469,114.9000015258789,115.07499694824219,115.07499694824219,322357
2026-08-25 14:00:00-04:00,709.530029296875,709.530029296875,706.3200073242188,709.010009765625,709.010009765625,393664,115.08999633789062,115.08999633789062,114.44000244140625,114.75,114.75,584736
2026-08-25 14:15:00-04:00,709.030029296875,709.5499877929688,708.969970703125,709.3350219726562,709.3350219726562,349897,114.75460052490234,115.27999877929688,114.75,115.0,115.0,439079
2026-08-25 14:30:00-04:00,709.3699951171875,710.3300170898438,709.3499755859375,710.2849731445312,710.2849731445312,537876,115.0,116.08999633789062,115.0,116.0730972290039,116.0730972290039,782625
2026-08-25 14:45:00-04:00,710.2849731445312,710.6699829101562,710.1900024414062,710.260009765625,710.260009765625,587877,116.08999633789062,116.54000091552734,115.69999694824219,115.7699966430664,115.7699966430664,928874
2026-08-25 15:00:00-04:00,710.2550048828125,710.47998046875,709.6500244140625,709.739990234375,709.739990234375,525128,115.75,115.99500274658203,115.15010070800781,115.19000244140625,115.19000244140625,898601
2026-08-25 15:15:00-04:00,709.719970703125,709.7999877929688,709.2100219726562,709.530029296875,709.530029296875,491855,115.18000030517578,115.3499984741211,114.62999725341797,115.31809997558594,115.31809997558594,1010577
2026-08-25 15:30:00-04:00,709.530029296875,710.2899780273438,709.1799926757812,709.8250122070312,709.8250122070312,561312,115.30999755859375,115.43000030517578,114.41999816894531,114.94000244140625,114.94000244140625,3469528
2026-08-25 15:45:00-04:00,709.8200073242188,711.0800170898438,709.5900268554688,710.6400146484375,710.6400146484375,2102190,114.93499755859375,116.03500366210938,114.6500015258789,115.83999633789062,115.83999633789062,3937820
2026-08-26 09:30:00-04:00,708.5,711.6900024414062,708.47998046875,711.1599731445312,711.1599731445312,2489420,114.69999694824219,117.19000244140625,114.61000061035156,116.58000183105469,116.58000183105469,8068009
2026-08-26 09:45:00-04:00,711.1599731445312,712.2000122070312,710.280029296875,712.1699829101562,712.1699829101562,796299,116.51000213623047,116.88999938964844,115.2677993774414,116.54499816894531,116.54499816894531,1470801
2026-08-26 10:00:00-04:00,712.1799926757812,712.1799926757812,709.880126953125,710.14501953125,710.14501953125,810455,116.51000213623047,116.5105972290039,114.02010345458984,114.61000061035156,114.61000061035156,1406961
2026-08-26 10:15:00-04:00,710.1300048828125,710.5399780273438,707.969970703125,708.5250244140625,708.5250244140625,898215,114.56999969482422,114.81999969482422,112.52999877929688,113.0199966430664,113.0199966430664,1858614
2026-08-26 10:30:00-04:00,708.489990234375,709.9301147460938,708.469970703125,709.5399780273438,709.5399780273438,639106,113.0385971069336,114.88990020751953,113.0,114.68499755859375,114.68499755859375,1501860
2026-08-26 10:45:00-04:00,709.5625,710.6799926757812,709.2000122070312,710.2999877929688,710.2999877929688,559048,114.66999816894531,115.58000183105469,114.43000030517578,114.91999816894531,114.91999816894531,1181183
2026-08-26 11:00:00-04:00,710.3200073242188,711.0399780273438,710.2000122070312,710.4400024414062,710.4400024414062,571723,114.97000122070312,115.75,114.75,115.0,115.0,714485
2026-08-26 11:15:00-04:00,710.4299926757812,710.6599731445312,709.5800170898438,710.4000244140625,710.4000244140625,403410,115.01000213623047,115.76000213623047,114.43000030517578,115.5999984741211,115.5999984741211,557068
2026-08-26 11:30:00-04:00,710.3800048828125,711.1798706054688,709.5501098632812,711.030029296875,711.030029296875,428948,115.56999969482422,116.3499984741211,115.2699966430664,116.33000183105469,116.33000183105469,761955
2026-08-26 11:45:00-04:00,710.989990234375,711.2196044921875,709.405029296875,709.4400024414062,709.4400024414062,544650,116.34030151367188,116.34030151367188,115.26000213623047,115.36009979248047,115.36009979248047,628072
2026-08-26 12:00:00-04:00,709.4299926757812,709.6199951171875,708.7766723632812,709.0700073242188,709.0700073242188,556292,115.36000061035156,115.44000244140625,114.3499984741211,114.39309692382812,114.39309692382812,690147
2026-08-26 12:15:00-04:00,709.0700073242188,709.3900146484375,708.8800048828125,709.2000122070312,709.2000122070312,301871,114.37999725341797,115.1500015258789,114.30390167236328,114.94989776611328,114.94989776611328,466480
2026-08-26 12:30:00-04:00,709.2050170898438,709.4998779296875,708.2899780273438,708.3900756835938,708.3900756835938,376224,114.93009948730469,115.23999786376953,114.28500366210938,114.41000366210938,114.41000366210938,454766
2026-08-26 12:45:00-04:00,708.3900146484375,709.5399780273438,708.35498046875,709.39990234375,709.39990234375,366040,114.41349792480469,115.37999725341797,114.36499786376953,115.30000305175781,115.30000305175781,462484
2026-08-26 13:00:00-04:00,709.3900146484375,710.0,709.27001953125,709.8800048828125,709.8800048828125,467388,115.3290023803711,115.77999877929688,115.20999908447266,115.70999908447266,115.70999908447266,429425
2026-08-26 13:15:00-04:00,709.9500122070312,710.6799926757812,709.9500122070312,710.6099853515625,710.6099853515625,413318,115.70999908447266,116.05000305175781,115.5740966796875,115.86840057373047,115.86840057373047,470124
2026-08-26 13:30:00-04:00,710.5999755859375,711.1599731445312,710.5100708007812,710.9304809570312,710.9304809570312,465743,115.84500122070312,116.33000183105469,115.70379638671875,116.13999938964844,116.13999938964844,470219
2026-08-26 13:45:00-04:00,710.9299926757812,711.22998046875,710.60498046875,711.010009765625,711.010009765625,413054,116.12999725341797,116.48999786376953,116.0,116.33000183105469,116.33000183105469,347574
2026-08-26 14:00:00-04:00,711.02001953125,711.2926025390625,710.5838012695312,710.6799926757812,710.6799926757812,481868,116.31999969482422,116.53990173339844,115.91000366210938,116.0999984741211,116.0999984741211,418747
2026-08-26 14:15:00-04:00,710.6799926757812,711.2000122070312,710.5599975585938,710.9000244140625,710.9000244140625,405001,116.04000091552734,116.2300033569336,115.91619873046875,116.125,116.125,223130
2026-08-26 14:30:00-04:00,710.9000244140625,711.4500122070312,710.8099975585938,711.260009765625,711.260009765625,501130,116.09500122070312,116.62000274658203,116.09500122070312,116.38809967041016,116.38809967041016,432214
2026-08-26 14:45:00-04:00,711.27001953125,712.0800170898438,711.27001953125,711.8900146484375,711.8900146484375,416911,116.4000015258789,116.87999725341797,116.35910034179688,116.58999633789062,116.58999633789062,522512
2026-08-26 15:00:00-04:00,711.875,713.02001953125,711.8099975585938,712.344970703125,712.344970703125,769243,116.55999755859375,117.38619995117188,116.2699966430664,116.5999984741211,116.5999984741211,850504
2026-08-26 15:15:00-04:00,712.3499755859375,712.75,712.1699829101562,712.3099975585938,712.3099975585938,658097,116.5999984741211,117.1500015258789,116.45999908447266,116.76000213623047,116.76000213623047,640301
2026-08-26 15:30:00-04:00,712.3099975585938,712.4500122070312,711.5599975585938,711.6119995117188,711.6119995117188,624673,116.76499938964844,116.76499938964844,115.72000122070312,115.76000213623047,115.76000213623047,1894387
2026-08-26 15:45:00-04:00,711.5800170898438,712.3599853515625,710.885009765625,711.2999877929688,711.2999877929688,1549756,115.76000213623047,116.66999816894531,115.37000274658203,116.66500091552734,116.66500091552734,2593590
2026-08-27 09:30:00-04:00,716.97998046875,718.469970703125,715.0,718.1400756835938,718.1400756835938,3805091,123.4000015258789,124.87999725341797,121.61000061035156,122.71199798583984,122.71199798583984,13041953
2026-08-27 09:45:00-04:00,718.1500244140625,718.8300170898438,714.5250244140625,715.9299926757812,715.9299926757812,2021177,122.75,122.94999694824219,117.69010162353516,118.93000030517578,118.93000030517578,5700548
2026-08-27 10:00:00-04:00,715.9600219726562,718.469970703125,715.8400268554688,717.75,717.75,1198947,118.94000244140625,122.08000183105469,118.68000030517578,121.11990356445312,121.11990356445312,3880440
2026-08-27 10:15:00-04:00,717.77001953125,719.2692260742188,717.760009765625,718.9349975585938,718.9349975585938,891935,121.06999969482422,122.95999908447266,120.9000015258789,122.69000244140625,122.69000244140625,2439210
2026-08-27 10:30:00-04:00,718.9299926757812,718.989990234375,717.2999877929688,717.760009765625,717.760009765625,904557,122.7699966430664,122.83989715576172,120.22100067138672,120.72810363769531,120.72810363769531,1767706
2026-08-27 10:45:00-04:00,717.75,718.9000244140625,717.1400146484375,718.7999877929688,718.7999877929688,666939,120.70120239257812,121.83000183105469,120.36000061035156,121.3499984741211,121.3499984741211,1446113
2026-08-27 11:00:00-04:00,718.8099975585938,719.4299926757812,718.530029296875,719.38720703125,719.38720703125,762240,121.3499984741211,122.29000091552734,121.0199966430664,122.02999877929688,122.02999877929688,1103840
2026-08-27 11:15:00-04:00,719.3880004882812,719.5800170898438,718.14501953125,718.219970703125,718.219970703125,681775,122.05000305175781,122.22969818115234,120.68000030517578,120.89869689941406,120.89869689941406,945558
2026-08-27 11:30:00-04:00,718.25,718.7100219726562,717.0800170898438,717.2050170898438,717.2050170898438,1098960,120.91999816894531,121.52290344238281,120.0999984741211,120.2300033569336,120.2300033569336,953422
2026-08-27 11:45:00-04:00,717.22998046875,719.0,716.6699829101562,718.6900024414062,718.6900024414062,714228,120.25360107421875,121.6500015258789,119.58000183105469,121.4000015258789,121.4000015258789,1374139
2026-08-27 12:00:00-04:00,718.6950073242188,719.3200073242188,718.3300170898438,718.5349731445312,718.5349731445312,606540,121.38999938964844,122.3499984741211,121.01000213623047,121.23999786376953,121.23999786376953,843007
2026-08-27 12:15:00-04:00,718.5499877929688,718.989990234375,718.0800170898438,718.8499755859375,718.8499755859375,369423,121.19000244140625,121.47000122070312,120.4000015258789,121.26750183105469,121.26750183105469,761637
2026-08-27 12:30:00-04:00,718.8862915039062,719.9849853515625,718.7899780273438,719.8699951171875,719.8699951171875,566810,121.2699966430664,122.2300033569336,121.1500015258789,122.08000183105469,122.08000183105469,1021996
2026-08-27 12:45:00-04:00,719.8800048828125,720.1799926757812,719.6699829101562,720.030029296875,720.030029296875,570102,122.08000183105469,122.37999725341797,121.65709686279297,121.97000122070312,121.97000122070312,738435
2026-08-27 13:00:00-04:00,720.030029296875,720.5800170898438,719.9400024414062,720.4600219726562,720.4600219726562,477295,122.00579833984375,122.38999938964844,121.77110290527344,122.01000213623047,122.01000213623047,493813
2026-08-27 13:15:00-04:00,720.4400024414062,720.6199951171875,719.6900024414062,719.7650146484375,719.7650146484375,889992,122.01000213623047,122.44000244140625,121.2874984741211,121.38999938964844,121.38999938964844,628452
2026-08-27 13:30:00-04:00,719.7568969726562,720.1599731445312,719.4099731445312,719.5,719.5,500930,121.41999816894531,121.66999816894531,120.83100128173828,120.86009979248047,120.86009979248047,638620
2026-08-27 13:45:00-04:00,719.5,719.5700073242188,718.989990234375,719.0999755859375,719.0999755859375,533699,120.86000061035156,121.22989654541016,120.55000305175781,120.70999908447266,120.70999908447266,603234
2026-08-27 14:00:00-04:00,719.0999755859375,719.3400268554688,717.8804931640625,718.25,718.25,1701665,120.7301025390625,120.8499984741211,119.97000122070312,120.3550033569336,120.3550033569336,794420
2026-08-27 14:15:00-04:00,718.2402954101562,718.530029296875,717.0399780273438,717.3300170898438,717.3300170898438,649996,120.39949798583984,120.51000213623047,118.94999694824219,119.24639892578125,119.24639892578125,795167
2026-08-27 14:30:00-04:00,717.3099975585938,718.3499755859375,717.2999877929688,718.1300048828125,718.1300048828125,928571,119.27999877929688,120.19000244140625,119.19999694824219,120.08999633789062,120.08999633789062,754895
2026-08-27 14:45:00-04:00,718.1099853515625,718.3599853515625,717.47998046875,718.0999755859375,718.0999755859375,307219,120.0999984741211,120.19000244140625,119.5,119.98500061035156,119.98500061035156,501803
2026-08-27 15:00:00-04:00,718.10498046875,718.9400024414062,718.0349731445312,718.6099853515625,718.6099853515625,583597,120.01000213623047,120.54750061035156,119.7301025390625,120.23500061035156,120.23500061035156,776941
2026-08-27 15:15:00-04:00,718.6300048828125,719.1199951171875,718.6300048828125,718.864990234375,718.864990234375,770267,120.2509994506836,120.77989959716797,120.19999694824219,120.24430084228516,120.24430084228516,1187438
2026-08-27 15:30:00-04:00,718.8800048828125,719.5999755859375,718.7100219726562,719.5999755859375,719.5999755859375,960991,120.22000122070312,120.94000244140625,120.01499938964844,120.83999633789062,120.83999633789062,2215908
2026-08-27 15:45:00-04:00,719.5900268554688,721.3499755859375,719.5,721.0599975585938,721.0599975585938,3221419,120.81999969482422,123.58999633789062,120.74500274658203,123.16999816894531,123.16999816894531,6744105
2026-08-28 09:30:00-04:00,719.75,721.52001953125,718.1762084960938,721.186279296875,721.186279296875,2228063,119.91999816894531,121.19989776611328,117.5199966430664,120.05999755859375,120.05999755859375,6973988
2026-08-28 09:45:00-04:00,721.1799926757812,721.5499267578125,719.7100219726562,719.7109985351562,719.7109985351562,1910036,120.11000061035156,120.44999694824219,118.5510025024414,119.15010070800781,119.15010070800781,1912866
2026-08-28 10:00:00-04:00,719.9299926757812,721.6300048828125,716.7899780273438,717.5499877929688,717.5499877929688,1789821,119.30000305175781,120.5999984741211,116.5199966430664,117.13999938964844,117.13999938964844,3905132
2026-08-28 10:15:00-04:00,717.5698852539062,720.9000244140625,717.4299926757812,720.2999877929688,720.2999877929688,2199772,117.16000366210938,119.52189636230469,117.08999633789062,119.4800033569336,119.4800033569336,2345008
2026-08-28 10:30:00-04:00,720.3499755859375,722.5,719.8300170898438,722.2901000976562,722.2901000976562,1592989,119.48999786376953,120.44999694824219,118.60060119628906,119.80999755859375,119.80999755859375,1749139
2026-08-28 10:45:00-04:00,722.3200073242188,723.8300170898438,722.0700073242188,723.8200073242188,723.8200073242188,1355657,119.79219818115234,119.97000122070312,118.69999694824219,119.38500213623047,119.38500213623047,1218059
2026-08-28 11:00:00-04:00,723.780029296875,724.125,722.280029296875,722.6104736328125,722.6104736328125,1121765,119.30999755859375,119.62000274658203,117.66000366210938,117.81999969482422,117.81999969482422,1531251
2026-08-28 11:15:00-04:00,722.6199951171875,723.6500244140625,722.3900146484375,723.4099731445312,723.4099731445312,721794,117.80999755859375,118.33999633789062,117.30999755859375,117.9000015258789,117.9000015258789,957200
2026-08-28 11:30:00-04:00,723.4550170898438,723.489990234375,720.5700073242188,720.760009765625,720.760009765625,1155053,117.91999816894531,117.91999816894531,115.36000061035156,115.55500030517578,115.55500030517578,2009301
2026-08-28 11:45:00-04:00,720.739990234375,721.0150146484375,717.7000122070312,717.8599853515625,717.8599853515625,1579004,115.55000305175781,115.55999755859375,111.86000061035156,111.99970245361328,111.99970245361328,3958950
2026-08-28 12:00:00-04:00,717.9299926757812,718.8200073242188,716.8400268554688,718.0,718.0,1356548,112.06999969482422,113.55000305175781,110.63999938964844,112.31999969482422,112.31999969482422,4412054
2026-08-28 12:15:00-04:00,717.9600219726562,718.2999877929688,715.6900024414062,716.3099975585938,716.3099975585938,1235903,112.31999969482422,112.5999984741211,110.87999725341797,111.54000091552734,111.54000091552734,2175885
2026-08-28 12:30:00-04:00,716.2899780273438,717.3049926757812,715.969970703125,716.1950073242188,716.1950073242188,695369,111.50499725341797,111.91999816894531,110.68000030517578,111.20999908447266,111.20999908447266,1783917
2026-08-28 12:45:00-04:00,716.1799926757812,717.7899780273438,716.1699829101562,716.6500244140625,716.6500244140625,605797,111.22000122070312,113.1771011352539,111.19000244140625,112.05000305175781,112.05000305175781,1545422
2026-08-28 13:00:00-04:00,716.6400146484375,716.6666259765625,715.0850219726562,716.22998046875,716.22998046875,988177,112.05000305175781,112.05000305175781,110.20999908447266,111.4000015258789,111.4000015258789,2131703
2026-08-28 13:15:00-04:00,716.2100219726562,716.469970703125,715.4500122070312,715.8900146484375,715.8900146484375,479056,111.38500213623047,112.06999969482422,110.94999694824219,111.55000305175781,111.55000305175781,855400
2026-08-28 13:30:00-04:00,715.8400268554688,716.719970703125,715.6699829101562,716.2100219726562,716.2100219726562,511373,111.53990173339844,112.4800033569336,111.41999816894531,111.91500091552734,111.91500091552734,944983
2026-08-28 13:45:00-04:00,716.1900024414062,717.2899780273438,716.0750122070312,716.9860229492188,716.9860229492188,578029,111.8949966430664,113.05000305175781,111.81999969482422,112.62000274658203,112.62000274658203,1039463
2026-08-28 14:00:00-04:00,717.0,717.1099853515625,716.3200073242188,716.3300170898438,716.3300170898438,334012,112.65809631347656,112.76000213623047,111.93000030517578,111.94000244140625,111.94000244140625,575240
2026-08-28 14:15:00-04:00,716.3300170898438,716.7050170898438,715.9000244140625,716.2050170898438,716.2050170898438,385523,111.94000244140625,112.5,111.80999755859375,112.01000213623047,112.01000213623047,602158
2026-08-28 14:30:00-04:00,716.2050170898438,716.739990234375,716.02001953125,716.4099731445312,716.4099731445312,472214,111.9801025390625,112.55999755859375,111.55000305175781,111.8499984741211,111.8499984741211,733778
2026-08-28 14:45:00-04:00,716.37939453125,716.4199829101562,715.1500244140625,715.52001953125,715.52001953125,746416,111.80999755859375,111.83499908447266,110.83000183105469,111.1050033569336,111.1050033569336,888098
2026-08-28 15:00:00-04:00,715.5150146484375,716.3699951171875,715.239990234375,716.0800170898438,716.0800170898438,1253356,111.11000061035156,111.9800033569336,110.93000030517578,111.7249984741211,111.7249984741211,1790391
2026-08-28 15:15:00-04:00,716.0900268554688,716.6300048828125,715.719970703125,716.530029296875,716.530029296875,839550,111.74649810791016,112.6500015258789,111.44999694824219,112.48999786376953,112.48999786376953,2095832
2026-08-28 15:30:00-04:00,716.5349731445312,716.8800048828125,716.1699829101562,716.6400756835938,716.6400756835938,1004713,112.5,112.6500015258789,111.75,112.33000183105469,112.33000183105469,4404043
2026-08-28 15:45:00-04:00,716.6599731445312,717.0800170898438,715.9349975585938,716.4500122070312,716.4500122070312,3481000,112.33000183105469,112.87999725341797,111.25,111.37000274658203,111.37000274658203,5473188
2026-08-31 09:30:00-04:00,715.1199951171875,717.0009765625,714.010009765625,714.4249877929688,714.4249877929688,2827796,112.41000366210938,115.05000305175781,111.29000091552734,112.52999877929688,112.52999877929688,9217045
2026-08-31 09:45:00-04:00,714.4299926757812,716.12841796875,713.969970703125,715.22998046875,715.22998046875,1171605,112.48999786376953,114.19999694824219,112.19090270996094,113.4613037109375,113.4613037109375,1814712
2026-08-31 10:00:00-04:00,715.2000122070312,715.4000244140625,713.5399780273438,714.0900268554688,714.0900268554688,851040,113.5687026977539,114.17009735107422,112.27010345458984,112.7699966430664,112.7699966430664,1257220
2026-08-31 10:15:00-04:00,714.0700073242188,714.9600219726562,713.1599731445312,713.6199951171875,713.6199951171875,974843,112.7499008178711,113.38999938964844,112.05000305175781,112.19999694824219,112.19999694824219,1261618
2026-08-31 10:30:00-04:00,713.5501098632812,715.0800170898438,713.3699951171875,714.8300170898438,714.8300170898438,594372,112.12999725341797,113.17289733886719,111.81999969482422,112.94000244140625,112.94000244140625,1162904
2026-08-31 10:45:00-04:00,714.8599853515625,715.27001953125,713.860107421875,714.5999755859375,714.5999755859375,548123,113.0,113.04000091552734,111.69999694824219,111.86000061035156,111.86000061035156,1014569
2026-08-31 11:00:00-04:00,714.6099853515625,715.25,714.1400146484375,714.635009765625,714.635009765625,371024,111.83999633789062,112.2699966430664,110.86000061035156,111.33499908447266,111.33499908447266,1342185
2026-08-31 11:15:00-04:00,714.6380004882812,715.3099975585938,714.1994018554688,714.7174072265625,714.7174072265625,436668,111.3041000366211,112.0999984741211,110.91500091552734,111.68000030517578,111.68000030517578,753302
2026-08-31 11:30:00-04:00,714.77001953125,714.7999877929688,713.8499755859375,714.4537963867188,714.4537963867188,3788342,111.6500015258789,111.80000305175781,111.03009796142578,111.37000274658203,111.37000274658203,562682
2026-08-31 11:45:00-04:00,714.4500122070312,715.0,713.8800048828125,713.9550170898438,713.9550170898438,858178,111.33999633789062,111.54499816894531,110.77999877929688,110.8499984741211,110.8499984741211,640699
2026-08-31 12:00:00-04:00,713.969970703125,714.52001953125,713.3599853515625,714.3800048828125,714.3800048828125,581579,110.86000061035156,111.25,110.33000183105469,110.94499969482422,110.94499969482422,1131950
2026-08-31 12:15:00-04:00,714.4000244140625,714.8599853515625,713.8217163085938,714.8400268554688,714.8400268554688,2618369,110.94380187988281,111.75,110.80000305175781,111.73999786376953,111.73999786376953,733292
2026-08-31 12:30:00-04:00,714.8499755859375,714.9749755859375,714.1204223632812,714.5700073242188,714.5700073242188,494145,111.75,112.13999938964844,111.45999908447266,111.86000061035156,111.86000061035156,672750
2026-08-31 12:45:00-04:00,714.5549926757812,715.280029296875,714.451904296875,715.2100219726562,715.2100219726562,360331,111.86000061035156,112.26000213623047,111.62000274658203,112.24500274658203,112.24500274658203,444276
2026-08-31 13:00:00-04:00,715.2000122070312,715.2000122070312,714.6328735351562,714.8300170898438,714.8300170898438,1027910,112.19999694824219,112.20999908447266,111.68000030517578,111.68499755859375,111.68499755859375,612026
2026-08-31 13:15:00-04:00,714.8200073242188,715.0700073242188,714.1199951171875,714.2100219726562,714.2100219726562,321193,111.69000244140625,111.86000061035156,111.30999755859375,111.36000061035156,111.36000061035156,280526
2026-08-31 13:30:00-04:00,714.2000122070312,715.2000122070312,713.989990234375,715.2000122070312,715.2000122070312,950914,111.36499786376953,112.04000091552734,111.30500030517578,111.99949645996094,111.99949645996094,331959
2026-08-31 13:45:00-04:00,715.2050170898438,715.6199951171875,715.02001953125,715.2349853515625,715.2349853515625,372651,112.0,112.20999908447266,111.78179931640625,111.9000015258789,111.9000015258789,492080
2026-08-31 14:00:00-04:00,715.1799926757812,715.6599731445312,714.781982421875,715.385009765625,715.385009765625,420670,111.91000366210938,112.69999694824219,111.8499984741211,112.43990325927734,112.43990325927734,444049
2026-08-31 14:15:00-04:00,715.3900146484375,715.739990234375,715.152099609375,715.1749877929688,715.1749877929688,682818,112.43000030517578,112.83989715576172,112.4000015258789,112.43250274658203,112.43250274658203,377566
2026-08-31 14:30:00-04:00,715.1699829101562,715.2772827148438,713.8491821289062,714.2349853515625,714.2349853515625,475320,112.41500091552734,112.52629852294922,111.4000015258789,111.63999938964844,111.63999938964844,593237
2026-08-31 14:45:00-04:00,714.25,714.739990234375,714.0100708007812,714.3499755859375,714.3499755859375,859739,111.68679809570312,111.69999694824219,111.31210327148438,111.33000183105469,111.33000183105469,636026
2026-08-31 15:00:00-04:00,714.3569946289062,714.9249877929688,714.3099975585938,714.8499755859375,714.8499755859375,563063,111.33999633789062,111.62999725341797,111.30000305175781,111.58000183105469,111.58000183105469,472290
2026-08-31 15:15:00-04:00,714.8499755859375,715.52001953125,714.64501953125,715.3800048828125,715.3800048828125,539946,111.58000183105469,112.30999755859375,111.46869659423828,111.95999908447266,111.95999908447266,729048
2026-08-31 15:30:00-04:00,715.3900146484375,716.1950073242188,714.9600219726562,716.0601196289062,716.0601196289062,1660313,111.94499969482422,112.55000305175781,111.83000183105469,112.4800033569336,112.4800033569336,822667
2026-08-31 15:45:00-04:00,716.0599975585938,717.5750122070312,715.6199951171875,716.8599853515625,716.8599853515625,4017742,112.4800033569336,113.11000061035156,112.12000274658203,112.84500122070312,112.84500122070312,4796537
2026-09-01 09:30:00-04:00,707.4299926757812,708.0399780273438,705.6199951171875,706.6900024414062,706.6900024414062,5158553,106.3550033569336,106.56999969482422,102.30999755859375,103.26000213623047,103.26000213623047,14817719
2026-09-01 09:45:00-04:00,706.6099853515625,708.4500122070312,706.5100708007812,707.2249755859375,707.2249755859375,1328477,103.27999877929688,104.47000122070312,103.01000213623047,103.5250015258789,103.5250015258789,3606583
2026-09-01 10:00:00-04:00,707.27001953125,708.5399780273438,706.7714233398438,707.8770751953125,707.8770751953125,1142947,103.58999633789062,104.05989837646484,102.46009826660156,102.69499969482422,102.69499969482422,2827143
2026-09-01 10:15:00-04:00,707.85498046875,708.969970703125,707.8350219726562,708.6099853515625,708.6099853515625,1067088,102.68000030517578,103.4738998413086,102.52999877929688,102.62000274658203,102.62000274658203,2255199
2026-09-01 10:30:00-04:00,708.594970703125,710.2849731445312,708.5700073242188,710.2849731445312,710.2849731445312,868567,102.61000061035156,104.80000305175781,102.58999633789062,104.80000305175781,104.80000305175781,2465703
2026-09-01 10:45:00-04:00,710.280029296875,711.0900268554688,709.6699829101562,710.1799926757812,710.1799926757812,1055167,104.80000305175781,105.91999816894531,104.6500015258789,105.90989685058594,105.90989685058594,2645412
2026-09-01 11:00:00-04:00,710.1898803710938,710.469970703125,709.0015869140625,709.0805053710938,709.0805053710938,1337869,105.91999816894531,106.69999694824219,105.54000091552734,105.54000091552734,105.54000091552734,2170265
2026-09-01 11:15:00-04:00,709.0886840820312,710.239990234375,708.9996948242188,710.239990234375,710.239990234375,743457,105.54000091552734,106.62000274658203,105.2300033569336,106.62000274658203,106.62000274658203,1429116
2026-09-01 11:30:00-04:00,710.239990234375,711.6500244140625,710.0599975585938,711.5999755859375,711.5999755859375,756793,106.61000061035156,107.92900085449219,106.36859893798828,107.88999938964844,107.88999938964844,1973838
2026-09-01 11:45:00-04:00,711.5900268554688,712.2999877929688,711.5599975585938,711.7999877929688,711.7999877929688,738924,107.87999725341797,108.63999938964844,107.3499984741211,107.60990142822266,107.60990142822266,1766089
2026-09-01 12:00:00-04:00,711.8499755859375,711.8900146484375,710.2899780273438,710.3099975585938,710.3099975585938,606564,107.61499786376953,107.73999786376953,106.80999755859375,107.15499877929688,107.15499877929688,981207
2026-09-01 12:15:00-04:00,710.281005859375,710.385009765625,708.6099853515625,708.989990234375,708.989990234375,1733909,107.11009979248047,107.23999786376953,105.25,105.5250015258789,105.5250015258789,1507570
2026-09-01 12:30:00-04:00,708.969970703125,709.135009765625,707.8900146484375,707.97998046875,707.97998046875,1418384,105.5,105.69999694824219,104.5199966430664,105.19999694824219,105.19999694824219,1478675
2026-09-01 12:45:00-04:00,707.97998046875,709.4400024414062,707.8699951171875,709.2899780273438,709.2899780273438,770725,105.18000030517578,106.61750030517578,105.14592742919922,106.40950012207031,106.40950012207031,1008577
2026-09-01 13:00:00-04:00,709.2999877929688,709.2999877929688,708.010009765625,708.3800048828125,708.3800048828125,447998,106.38009643554688,106.44999694824219,105.0199966430664,105.26000213623047,105.26000213623047,728079
2026-09-01 13:15:00-04:00,708.4000244140625,708.599609375,707.0,708.0650024414062,708.0650024414062,534762,105.25,105.3595962524414,104.32630157470703,105.20500183105469,105.20500183105469,927364
2026-09-01 13:30:00-04:00,708.0800170898438,708.52001953125,707.9749755859375,708.3200073242188,708.3200073242188,459219,105.19000244140625,105.48999786376953,104.77999877929688,104.9000015258789,104.9000015258789,553908
2026-09-01 13:45:00-04:00,708.2899780273438,708.2999877929688,707.47998046875,708.010009765625,708.010009765625,481178,104.91999816894531,105.0999984741211,104.41000366210938,104.62999725341797,104.62999725341797,875058
2026-09-01 14:00:00-04:00,708.0,708.27001953125,707.0599975585938,707.10009765625,707.10009765625,480777,104.6050033569336,104.80000305175781,103.8499984741211,103.9800033569336,103.9800033569336,791095
2026-09-01 14:15:00-04:00,707.0999755859375,707.4500122070312,706.6900024414062,706.8800048828125,706.8800048828125,647080,103.98999786376953,104.36000061035156,103.5999984741211,104.01000213623047,104.01000213623047,745905
2026-09-01 14:30:00-04:00,706.8800048828125,706.9600219726562,704.9749755859375,705.0,705.0,1121231,104.0,104.23999786376953,103.04000091552734,103.05000305175781,103.05000305175781,1040071
2026-09-01 14:45:00-04:00,704.989990234375,706.5700073242188,704.6599731445312,706.4232177734375,706.4232177734375,1174491,103.05079650878906,104.32499694824219,102.69999694824219,104.27999877929688,104.27999877929688,1913134
2026-09-01 15:00:00-04:00,706.4450073242188,707.52001953125,706.3099975585938,707.489990234375,707.489990234375,982265,104.27999877929688,105.66000366210938,104.20999908447266,105.61000061035156,105.61000061035156,2028831
2026-09-01 15:15:00-04:00,707.5399780273438,707.72998046875,707.0999755859375,707.6500244140625,707.6500244140625,1128643,105.625,106.13999938964844,105.06999969482422,106.0999984741211,106.0999984741211,1807825
2026-09-01 15:30:00-04:00,707.6599731445312,707.7000122070312,706.8499755859375,707.4500122070312,707.4500122070312,789252,106.1176986694336,106.23999786376953,105.12000274658203,105.7300033569336,105.7300033569336,3910940
2026-09-01 15:45:00-04:00,707.469970703125,708.5499877929688,706.6699829101562,707.655029296875,707.655029296875,3757778,105.75,106.07499694824219,104.7300033569336,105.77999877929688,105.77999877929688,4698864
2026-09-02 09:30:00-04:00,707.1099853515625,707.5399780273438,705.5800170898438,706.8699951171875,706.8699951171875,3159813,104.5,105.95999908447266,103.58999633789062,104.875,104.875,9258376
2026-09-02 09:45:00-04:00,706.8900146484375,707.4000244140625,705.1099853515625,706.1799926757812,706.1799926757812,1334538,104.9000015258789,105.08000183105469,101.33999633789062,102.69000244140625,102.69000244140625,4743074
2026-09-02 10:00:00-04:00,706.1900024414062,707.77001953125,705.5014038085938,707.760009765625,707.760009765625,1549002,102.66000366210938,105.16999816894531,102.30000305175781,105.13999938964844,105.13999938964844,3351088
2026-09-02 10:15:00-04:00,707.760009765625,709.3359985351562,707.5800170898438,709.2000122070312,709.2000122070312,1161815,105.16000366210938,106.75,104.96009826660156,106.68000030517578,106.68000030517578,3175707
2026-09-02 10:30:00-04:00,709.1599731445312,709.798828125,708.77001953125,709.5700073242188,709.5700073242188,995520,106.66000366210938,108.06999969482422,106.27989959716797,106.75,106.75,2846112
2026-09-02 10:45:00-04:00,709.5900268554688,709.5999755859375,707.4299926757812,707.5999755859375,707.5999755859375,964774,106.7249984741211,106.74500274658203,104.81999969482422,105.02999877929688,105.02999877929688,1794085
2026-09-02 11:00:00-04:00,707.5900268554688,708.77001953125,707.2974853515625,708.52001953125,708.52001953125,639237,105.03500366210938,106.25,104.64398956298828,106.14949798583984,106.14949798583984,1463384
2026-09-02 11:15:00-04:00,708.5399780273438,709.719970703125,708.3800048828125,709.64501953125,709.64501953125,696680,106.0999984741211,106.89990234375,105.9800033569336,106.86000061035156,106.86000061035156,1077851
2026-09-02 11:30:00-04:00,709.6699829101562,709.7399291992188,708.8599853515625,709.14501953125,709.14501953125,531756,106.8499984741211,107.7300033569336,106.71849822998047,107.59500122070312,107.59500122070312,1158854
2026-09-02 11:45:00-04:00,709.1199951171875,709.3115844726562,708.0,709.1950073242188,709.1950073242188,362079,107.62000274658203,107.66999816894531,106.7699966430664,107.55989837646484,107.55989837646484,1066024
2026-09-02 12:00:00-04:00,709.2000122070312,709.47998046875,708.9199829101562,709.2000122070312,709.2000122070312,549321,107.55999755859375,107.9000015258789,107.19999694824219,107.48639678955078,107.48639678955078,766125
2026-09-02 12:15:00-04:00,709.1599731445312,709.1599731445312,708.1699829101562,708.385009765625,708.385009765625,283272,107.4800033569336,107.5250015258789,106.3550033569336,106.51000213623047,106.51000213623047,735113
2026-09-02 12:30:00-04:00,708.3895263671875,708.9199829101562,708.0499877929688,708.0599975585938,708.0599975585938,345542,106.5625991821289,106.98989868164062,106.11000061035156,106.16500091552734,106.16500091552734,645110
2026-09-02 12:45:00-04:00,708.0499877929688,708.72998046875,707.97998046875,708.4199829101562,708.4199829101562,458576,106.18000030517578,106.43000030517578,105.80000305175781,106.37999725341797,106.37999725341797,655244
2026-09-02 13:00:00-04:00,708.4500122070312,709.0800170898438,707.7401123046875,708.1799926757812,708.1799926757812,563356,106.37999725341797,106.8895034790039,105.63999938964844,106.05999755859375,106.05999755859375,802369
2026-09-02 13:15:00-04:00,708.2000122070312,708.4199829101562,707.719970703125,708.3200073242188,708.3200073242188,376390,106.08000183105469,106.25,105.83000183105469,106.19999694824219,106.19999694824219,291006
2026-09-02 13:30:00-04:00,708.3350219726562,708.5,707.760009765625,708.493408203125,708.493408203125,389652,106.19960021972656,106.29000091552734,105.88999938964844,106.20700073242188,106.20700073242188,398685
2026-09-02 13:45:00-04:00,708.5,708.8800048828125,708.1400146484375,708.5399780273438,708.5399780273438,546809,106.19999694824219,106.55999755859375,105.74500274658203,105.88500213623047,105.88500213623047,394490
2026-09-02 14:00:00-04:00,708.5499877929688,708.6799926757812,707.969970703125,708.1901245117188,708.1901245117188,461721,105.87999725341797,106.0999984741211,105.51000213623047,105.69999694824219,105.69999694824219,485725
2026-09-02 14:15:00-04:00,708.22998046875,709.489990234375,708.1600952148438,708.530029296875,708.530029296875,1199306,105.7083969116211,106.30000305175781,105.45010375976562,105.84391021728516,105.84391021728516,634460
2026-09-02 14:30:00-04:00,708.530029296875,708.8900146484375,707.885009765625,707.989990234375,707.989990234375,298551,105.86499786376953,106.25,105.7699966430664,105.93000030517578,105.93000030517578,351880
2026-09-02 14:45:00-04:00,708.0399780273438,708.4199829101562,707.8499755859375,708.2100219726562,708.2100219726562,382863,105.93000030517578,106.5999984741211,105.88500213623047,106.45999908447266,106.45999908447266,478494
2026-09-02 15:00:00-04:00,708.2249755859375,708.8250122070312,708.07568359375,708.7100219726562,708.7100219726562,680520,106.43000030517578,106.5999984741211,106.25,106.33000183105469,106.33000183105469,665018
2026-09-02 15:15:00-04:00,708.7000122070312,708.7999877929688,708.3300170898438,708.75,708.75,1296612,106.30999755859375,106.43000030517578,105.9000015258789,106.2699966430664,106.2699966430664,760054
2026-09-02 15:30:00-04:00,708.72998046875,708.9400024414062,708.4329223632812,708.9099731445312,708.9099731445312,874273,106.26499938964844,106.37000274658203,105.9000015258789,106.0999984741211,106.0999984741211,1466776
2026-09-02 15:45:00-04:00,708.9000244140625,709.4249877929688,708.7899780273438,709.25,709.25,1684430,106.08999633789062,106.43000030517578,105.94000244140625,106.36000061035156,106.36000061035156,3343483
2026-09-03 09:30:00-04:00,710.8499755859375,713.489990234375,709.6937866210938,713.1500244140625,713.1500244140625,3819820,103.0,103.37999725341797,98.62039947509766,101.3499984741211,101.3499984741211,15429215
2026-09-03 09:45:00-04:00,713.1500244140625,713.8496704101562,711.97998046875,712.8800048828125,712.8800048828125,1532532,101.27999877929688,102.54000091552734,100.8499984741211,101.24500274658203,101.24500274658203,3332333
2026-09-03 10:00:00-04:00,712.8400268554688,712.840087890625,710.6799926757812,712.0549926757812,712.0549926757812,1670879,101.16999816894531,101.38999938964844,99.0,100.0250015258789,100.0250015258789,4432654
2026-09-03 10:15:00-04:00,712.0399780273438,713.5599975585938,711.9600219726562,713.0750122070312,713.0750122070312,1270044,100.0,102.15989685058594,99.93499755859375,101.54000091552734,101.54000091552734,3135290
2026-09-03 10:30:00-04:00,713.0599975585938,713.469970703125,711.4199829101562,711.6099853515625,711.6099853515625,722719,101.52999877929688,101.66000366210938,100.29010009765625,101.1050033569336,101.1050033569336,2034452
2026-09-03 10:45:00-04:00,711.655029296875,713.64501953125,710.8099975585938,713.5499877929688,713.5499877929688,971016,101.13009643554688,103.91000366210938,101.06999969482422,103.89959716796875,103.89959716796875,2779526
2026-09-03 11:00:00-04:00,713.5698852539062,716.0449829101562,713.5650024414062,716.0,716.0,1879026,103.9000015258789,105.18000030517578,103.66999816894531,104.0199966430664,104.0199966430664,2989626
2026-09-03 11:15:00-04:00,716.0050048828125,717.8200073242188,715.760009765625,717.72998046875,717.72998046875,1569340,104.07820129394531,106.13500213623047,104.01000213623047,106.01599884033203,106.01599884033203,2045684
2026-09-03 11:30:00-04:00,717.760009765625,717.864990234375,716.9400024414062,717.0,717.0,1029329,106.02999877929688,106.05000305175781,105.16999816894531,105.4000015258789,105.4000015258789,1314797
2026-09-03 11:45:00-04:00,717.0800170898438,717.8200073242188,716.9575805664062,717.8200073242188,717.8200073242188,471937,105.41999816894531,105.8499984741211,104.8499984741211,105.58000183105469,105.58000183105469,971422
2026-09-03 12:00:00-04:00,717.8049926757812,717.8200073242188,716.9332275390625,717.3250122070312,717.3250122070312,1374730,105.55000305175781,105.55000305175781,104.69000244140625,105.40499877929688,105.40499877929688,896793
2026-09-03 12:15:00-04:00,717.3400268554688,717.5499877929688,716.5999755859375,716.780029296875,716.780029296875,480494,105.37000274658203,106.00039672851562,105.30000305175781,105.58000183105469,105.58000183105469,877510
2026-09-03 12:30:00-04:00,716.7940063476562,717.6998901367188,716.4400024414062,717.5499877929688,717.5499877929688,501464,105.58000183105469,106.5,105.12000274658203,106.45010375976562,106.45010375976562,922805
2026-09-03 12:45:00-04:00,717.5700073242188,717.9299926757812,717.2949829101562,717.5549926757812,717.5549926757812,291054,106.45999908447266,106.69000244140625,105.94000244140625,106.2699966430664,106.2699966430664,892294
2026-09-03 13:00:00-04:00,717.5700073242188,717.6799926757812,716.5800170898438,716.6500854492188,716.6500854492188,350173,106.29000091552734,106.41999816894531,105.44999694824219,105.510498046875,105.510498046875,727640
2026-09-03 13:15:00-04:00,716.6699829101562,717.0800170898438,716.3400268554688,716.969970703125,716.969970703125,404373,105.58000183105469,106.19000244140625,105.5186996459961,106.0,106.0,518443
2026-09-03 13:30:00-04:00,716.9580078125,717.6199951171875,716.9580078125,717.5800170898438,717.5800170898438,351968,105.99500274658203,106.30000305175781,105.79010009765625,106.125,106.125,497331
2026-09-03 13:45:00-04:00,717.5549926757812,718.1500244140625,717.3900146484375,717.9199829101562,717.9199829101562,758268,106.1500015258789,106.5,106.04000091552734,106.15626525878906,106.15626525878906,678018
2026-09-03 14:00:00-04:00,717.9199829101562,718.8049926757812,717.9199829101562,718.6500244140625,718.6500244140625,930885,106.16000366210938,106.93000030517578,106.1500015258789,106.56500244140625,106.56500244140625,785297
2026-09-03 14:15:00-04:00,718.6575927734375,718.9099731445312,718.4429931640625,718.5850219726562,718.5850219726562,828325,106.56999969482422,106.94999694824219,106.5,106.69999694824219,106.69999694824219,488258
2026-09-03 14:30:00-04:00,718.5999755859375,718.7999877929688,718.3350219726562,718.3400268554688,718.3400268554688,564566,106.68499755859375,107.25,106.625,106.86000061035156,106.86000061035156,848933
2026-09-03 14:45:00-04:00,718.3350219726562,718.8400268554688,718.3350219726562,718.510009765625,718.510009765625,679672,106.88500213623047,107.48999786376953,106.87999725341797,107.24500274658203,107.24500274658203,720974
2026-09-03 15:00:00-04:00,718.5250244140625,718.5599975585938,717.7000122070312,717.8300170898438,717.8300170898438,450192,107.2300033569336,107.27999877929688,106.30500030517578,106.52999877929688,106.52999877929688,1017189
2026-09-03 15:15:00-04:00,717.8200073242188,717.9600219726562,717.543701171875,717.72998046875,717.72998046875,817154,106.51000213623047,106.66999816894531,106.13999938964844,106.55999755859375,106.55999755859375,714988
2026-09-03 15:30:00-04:00,717.7150268554688,717.8800048828125,717.4600219726562,717.510009765625,717.510009765625,820715,106.54000091552734,106.73500061035156,106.33000183105469,106.69000244140625,106.69000244140625,885302
2026-09-03 15:45:00-04:00,717.510009765625,717.77001953125,717.1400146484375,717.6099853515625,717.6099853515625,2810478,106.69000244140625,106.87999725341797,106.23999786376953,106.77999877929688,106.77999877929688,3353830
2026-09-04 09:30:00-04:00,719.3599853515625,720.7100219726562,718.5250244140625,720.0399780273438,720.0399780273438,3657611,110.37999725341797,115.43990325927734,109.7300033569336,114.7699966430664,114.7699966430664,15663909
2026-09-04 09:45:00-04:00,720.02001953125,721.8599853515625,719.1199951171875,721.8380126953125,721.8380126953125,1231596,114.73999786376953,117.86000061035156,114.27999877929688,117.6500015258789,117.6500015258789,5733053
2026-09-04 10:00:00-04:00,721.8200073242188,721.8400268554688,719.5399780273438,720.8499755859375,720.8499755859375,1439738,117.66000366210938,117.77999877929688,115.76499938964844,117.32499694824219,117.32499694824219,4392187
2026-09-04 10:15:00-04:00,720.8599853515625,720.8900146484375,718.8499755859375,719.5900268554688,719.5900268554688,1847103,117.32499694824219,117.3499984741211,115.36588287353516,116.95999908447266,116.95999908447266,2666766
2026-09-04 10:30:00-04:00,719.5999755859375,719.6400146484375,718.0377197265625,718.0715942382812,718.0715942382812,1319778,116.94999694824219,117.0,115.68599700927734,115.71499633789062,115.71499633789062,2113978
2026-09-04 10:45:00-04:00,718.0700073242188,718.3295288085938,717.260009765625,717.7100219726562,717.7100219726562,1547634,115.7300033569336,116.30000305175781,114.86000061035156,116.0999984741211,116.0999984741211,2325911
2026-09-04 11:00:00-04:00,717.760009765625,718.280029296875,717.239990234375,718.280029296875,718.280029296875,1418837,116.11000061035156,117.55999755859375,115.91000366210938,117.47090148925781,117.47090148925781,1727228
2026-09-04 11:15:00-04:00,718.259521484375,718.3200073242188,716.9299926757812,717.4400024414062,717.4400024414062,1336886,117.47000122070312,117.5,115.84010314941406,116.06099700927734,116.06099700927734,1271646
2026-09-04 11:30:00-04:00,717.4299926757812,717.8699951171875,716.7899780273438,717.760009765625,717.760009765625,826280,116.04000091552734,116.38999938964844,115.41999816894531,116.30999755859375,116.30999755859375,1215662
2026-09-04 11:45:00-04:00,717.7427978515625,717.8098754882812,717.0,717.630126953125,717.630126953125,455855,116.27999877929688,116.37000274658203,115.61009979248047,116.0199966430664,116.0199966430664,756572
2026-09-04 12:00:00-04:00,717.6500244140625,718.5499877929688,717.4299926757812,718.4550170898438,718.4550170898438,665077,116.01499938964844,116.9000015258789,116.0,116.72000122070312,116.72000122070312,991077
2026-09-04 12:15:00-04:00,718.4500122070312,718.85498046875,718.1900024414062,718.6099853515625,718.6099853515625,847952,116.7249984741211,117.19989776611328,116.54419708251953,116.9000015258789,116.9000015258789,811164
2026-09-04 12:30:00-04:00,718.6094970703125,719.0800170898438,718.489990234375,718.9249877929688,718.9249877929688,1284230,116.9000015258789,117.18000030517578,116.84010314941406,117.09950256347656,117.09950256347656,657647
2026-09-04 12:45:00-04:00,718.9500122070312,719.60498046875,718.8699951171875,719.1599731445312,719.1599731445312,800182,117.0999984741211,117.67990112304688,116.91000366210938,117.5,117.5,1031473
2026-09-04 13:00:00-04:00,719.1599731445312,719.219970703125,718.0650024414062,718.1400146484375,718.1400146484375,841544,117.5199966430664,117.54000091552734,116.4801025390625,116.49490356445312,116.49490356445312,745345
2026-09-04 13:15:00-04:00,718.1400146484375,718.3300170898438,717.4199829101562,717.5050048828125,717.5050048828125,1037535,116.49500274658203,116.7300033569336,115.66000366210938,115.76000213623047,115.76000213623047,857847
2026-09-04 13:30:00-04:00,717.5,717.5,716.7000122070312,716.8049926757812,716.8049926757812,1136120,115.73999786376953,116.0,115.40049743652344,115.52999877929688,115.52999877929688,819236
2026-09-04 13:45:00-04:00,716.7949829101562,717.2659912109375,716.5599975585938,717.1199951171875,717.1199951171875,773319,115.55000305175781,116.0791015625,115.18000030517578,115.90809631347656,115.90809631347656,702490
2026-09-04 14:00:00-04:00,717.1099853515625,717.2634887695312,716.6400146484375,717.010009765625,717.010009765625,889406,115.94000244140625,115.96499633789062,115.3499984741211,115.66999816894531,115.66999816894531,506672
2026-09-04 14:15:00-04:00,717.0349731445312,717.6699829101562,716.9600219726562,717.5629272460938,717.5629272460938,1062339,115.66500091552734,116.5,115.62999725341797,116.4800033569336,116.4800033569336,600616
2026-09-04 14:30:00-04:00,717.5999755859375,717.875,717.4299926757812,717.8250122070312,717.8250122070312,667640,116.48999786376953,116.62000274658203,116.08999633789062,116.33999633789062,116.33999633789062,626536
2026-09-04 14:45:00-04:00,717.8200073242188,718.3200073242188,717.8098754882812,718.22998046875,718.22998046875,477443,116.3499984741211,116.41000366210938,115.95459747314453,115.97000122070312,115.97000122070312,667101
2026-09-04 15:00:00-04:00,718.2349853515625,718.3599853515625,717.47998046875,717.5599975585938,717.5599975585938,613341,115.9800033569336,116.11949920654297,114.97000122070312,115.0,115.0,1311607
2026-09-04 15:15:00-04:00,717.5900268554688,718.0698852539062,717.5750122070312,717.9500122070312,717.9500122070312,371986,115.00499725341797,115.5999984741211,115.00499725341797,115.37999725341797,115.37999725341797,1176497
2026-09-04 15:30:00-04:00,717.9500122070312,718.4600219726562,717.7899780273438,718.3099975585938,718.3099975585938,773181,115.37999725341797,116.7699966430664,115.11000061035156,116.69999694824219,116.69999694824219,2444832
2026-09-04 15:45:00-04:00,718.2999877929688,719.4400024414062,718.29248046875,719.0599975585938,719.0599975585938,3655166,116.69999694824219,118.18000030517578,116.69000244140625,117.54000091552734,117.54000091552734,6949177
2026-09-08 09:30:00-04:00,720.969970703125,721.885986328125,716.5599975585938,716.719970703125,716.719970703125,3420743,125.12000274658203,126.69999694824219,121.5999984741211,121.73999786376953,121.73999786376953,13531412
2026-09-08 09:45:00-04:00,716.739990234375,718.2899780273438,716.3300170898438,717.469970703125,717.469970703125,1371640,121.7699966430664,124.33000183105469,121.76000213623047,123.01000213623047,123.01000213623047,4281432
2026-09-08 10:00:00-04:00,717.4600219726562,717.6950073242188,715.5700073242188,716.5050048828125,716.5050048828125,1142024,123.0199966430664,123.19999694824219,121.83999633789062,122.92559814453125,122.92559814453125,3201939
2026-09-08 10:15:00-04:00,716.5,717.9400024414062,716.3900146484375,717.760009765625,717.760009765625,812226,122.94999694824219,125.11499786376953,122.91000366210938,125.089599609375,125.089599609375,3691489
2026-09-08 10:30:00-04:00,717.8161010742188,718.3049926757812,717.1500244140625,718.1500244140625,718.1500244140625,611689,125.04000091552734,125.0999984741211,123.75,124.41999816894531,124.41999816894531,1439331
2026-09-08 10:45:00-04:00,718.1500244140625,718.938720703125,717.7000122070312,718.9299926757812,718.9299926757812,850125,124.45999908447266,126.19000244140625,124.0,126.18000030517578,126.18000030517578,1984588
2026-09-08 11:00:00-04:00,718.9500122070312,720.0750122070312,718.5549926757812,719.9199829101562,719.9199829101562,954325,126.18000030517578,126.61000061035156,125.02100372314453,126.45999908447266,126.45999908447266,1806537
2026-09-08 11:15:00-04:00,719.9199829101562,720.719970703125,719.4000244140625,720.0850219726562,720.0850219726562,1385705,126.46289825439453,127.33000183105469,126.16000366210938,126.83499908447266,126.83499908447266,2335040
2026-09-08 11:30:00-04:00,720.1248779296875,720.9299926757812,719.760009765625,720.8499755859375,720.8499755859375,826826,126.85549926757812,127.52639770507812,126.19999694824219,127.5,127.5,1263061
2026-09-08 11:45:00-04:00,720.8900146484375,720.9099731445312,719.864990234375,719.969970703125,719.969970703125,1116891,127.5,127.54000091552734,126.37000274658203,126.8499984741211,126.8499984741211,1138037
2026-09-08 12:00:00-04:00,719.989990234375,720.4000244140625,719.3350219726562,719.5999755859375,719.5999755859375,681858,126.86000061035156,127.12000274658203,125.81999969482422,126.01750183105469,126.01750183105469,1074811
2026-09-08 12:15:00-04:00,719.5900268554688,719.9600219726562,718.97998046875,719.0750122070312,719.0750122070312,715016,126.0199966430664,126.19999694824219,124.93000030517578,124.96710205078125,124.96710205078125,1008441
2026-09-08 12:30:00-04:00,719.0999755859375,719.469970703125,718.9500122070312,719.27001953125,719.27001953125,845105,124.99500274658203,125.08999633789062,124.37999725341797,124.4000015258789,124.4000015258789,833686
2026-09-08 12:45:00-04:00,719.280029296875,720.0700073242188,718.6699829101562,719.22998046875,719.22998046875,800956,124.41500091552734,125.22000122070312,124.06999969482422,124.44000244140625,124.44000244140625,1186435
2026-09-08 13:00:00-04:00,719.239990234375,720.8499755859375,719.219970703125,720.5599975585938,720.5599975585938,700476,124.44999694824219,125.96990203857422,124.44999694824219,125.85430145263672,125.85430145263672,981580
2026-09-08 13:15:00-04:00,720.5900268554688,720.6699829101562,720.0399780273438,720.260009765625,720.260009765625,601413,125.87000274658203,126.2699966430664,125.54000091552734,125.66500091552734,125.66500091552734,659585
2026-09-08 13:30:00-04:00,720.280029296875,720.6699829101562,719.8400268554688,719.8800048828125,719.8800048828125,416252,125.69000244140625,125.87000274658203,125.04000091552734,125.19499969482422,125.19499969482422,364663
2026-09-08 13:45:00-04:00,719.8900146484375,720.1900024414062,719.6599731445312,719.6599731445312,719.6599731445312,577950,125.22000122070312,125.3499984741211,124.76000213623047,124.83999633789062,124.83999633789062,491288
2026-09-08 14:00:00-04:00,719.6699829101562,720.2000122070312,719.5700073242188,720.02001953125,720.02001953125,496113,124.88999938964844,125.5,124.7300033569336,125.2750015258789,125.2750015258789,626365
2026-09-08 14:15:00-04:00,720.030029296875,720.239990234375,719.6199951171875,719.8099975585938,719.8099975585938,311844,125.30000305175781,125.73999786376953,125.20480346679688,125.30000305175781,125.30000305175781,496105
2026-09-08 14:30:00-04:00,719.8300170898438,719.9500122070312,719.3699951171875,719.9299926757812,719.9299926757812,925303,125.30000305175781,125.47000122070312,124.83000183105469,125.25800323486328,125.25800323486328,482986
2026-09-08 14:45:00-04:00,719.9299926757812,720.1199951171875,717.9099731445312,719.2899780273438,719.2899780273438,974623,125.24500274658203,125.68000030517578,123.80999755859375,124.59500122070312,124.59500122070312,984818
2026-09-08 15:00:00-04:00,719.3150024414062,719.5463256835938,718.9099731445312,719.239990234375,719.239990234375,517979,124.58000183105469,124.66000366210938,123.87000274658203,124.4197006225586,124.4197006225586,760393
2026-09-08 15:15:00-04:00,719.219970703125,719.3099975585938,718.510009765625,718.9650268554688,718.9650268554688,403738,124.4000015258789,124.5999984741211,123.58000183105469,123.86000061035156,123.86000061035156,920330
2026-09-08 15:30:00-04:00,718.9650268554688,719.010009765625,718.4500122070312,718.5700073242188,718.5700073242188,579141,123.8499984741211,123.98999786376953,123.08000183105469,123.2406997680664,123.2406997680664,2083625
2026-09-08 15:45:00-04:00,718.5800170898438,718.6699829101562,717.25,718.380615234375,718.380615234375,3082505,123.27999877929688,123.83000183105469,122.25,123.3499984741211,123.3499984741211,2985372
2026-09-09 09:30:00-04:00,716.2899780273438,717.5399780273438,715.489990234375,716.9600219726562,716.9600219726562,3090060,123.37999725341797,125.87000274658203,122.58000183105469,124.59500122070312,124.59500122070312,9626701
2026-09-09 09:45:00-04:00,716.989990234375,719.0599975585938,716.4099731445312,718.8800048828125,718.8800048828125,1715942,124.5999984741211,127.5,123.06999969482422,127.27010345458984,127.27010345458984,3545827
2026-09-09 10:00:00-04:00,718.8699951171875,719.7000122070312,718.2061767578125,718.9450073242188,718.9450073242188,1252449,127.2699966430664,128.47999572753906,126.5999984741211,128.17999267578125,128.17999267578125,3612618
2026-09-09 10:15:00-04:00,718.8800048828125,718.9199829101562,716.489990234375,718.2899780273438,718.2899780273438,1478645,128.13999938964844,128.14999389648438,125.55999755859375,127.15499877929688,127.15499877929688,2235395
2026-09-09 10:30:00-04:00,718.280029296875,718.5092163085938,717.3300170898438,718.4000244140625,718.4000244140625,686692,127.1500015258789,127.2300033569336,125.87000274658203,126.61000061035156,126.61000061035156,1270987
2026-09-09 10:45:00-04:00,718.3499755859375,718.4600219726562,717.5700073242188,718.1699829101562,718.1699829101562,810460,126.66000366210938,126.87999725341797,125.75,126.75499725341797,126.75499725341797,854448
2026-09-09 11:00:00-04:00,718.1851196289062,718.9299926757812,714.73291015625,715.0150146484375,715.0150146484375,1366597,126.77999877929688,127.44000244140625,123.66000366210938,124.31999969482422,124.31999969482422,2498447
2026-09-09 11:15:00-04:00,715.010009765625,716.3599853515625,714.02001953125,714.7999877929688,714.7999877929688,1294576,124.30000305175781,125.26000213623047,122.95999908447266,123.8499984741211,123.8499984741211,1727404
2026-09-09 11:30:00-04:00,714.8200073242188,716.97998046875,714.75,715.969970703125,715.969970703125,1088745,123.87000274658203,125.80000305175781,123.7947006225586,125.375,125.375,1426293
2026-09-09 11:45:00-04:00,715.9500122070312,716.6300048828125,715.6500244140625,716.1900024414062,716.1900024414062,833354,125.4000015258789,126.30989837646484,125.05000305175781,125.73999786376953,125.73999786376953,913510
2026-09-09 12:00:00-04:00,716.1911010742188,716.510009765625,715.2999877929688,715.3699951171875,715.3699951171875,624340,125.76000213623047,126.0779037475586,124.68000030517578,124.79000091552734,124.79000091552734,582752
2026-09-09 12:15:00-04:00,715.3800048828125,715.419921875,714.7100219726562,714.9600219726562,714.9600219726562,609609,124.80000305175781,125.05000305175781,124.16000366210938,124.52999877929688,124.52999877929688,569356
2026-09-09 12:30:00-04:00,715.010009765625,716.3300170898438,714.97998046875,716.3300170898438,716.3300170898438,579826,124.5,126.16000366210938,124.48999786376953,126.16000366210938,126.16000366210938,812852
2026-09-09 12:45:00-04:00,716.3599853515625,716.8699951171875,716.02001953125,716.4099731445312,716.4099731445312,553124,126.16000366210938,126.5199966430664,125.7699966430664,125.8499984741211,125.8499984741211,631738
2026-09-09 13:00:00-04:00,716.4000244140625,716.9600219726562,716.1599731445312,716.8900146484375,716.8900146484375,589841,125.83000183105469,126.5696029663086,125.5199966430664,126.47599792480469,126.47599792480469,651639
2026-09-09 13:15:00-04:00,716.8900146484375,717.0499877929688,716.239990234375,716.239990234375,716.239990234375,347077,126.47000122070312,126.52999877929688,125.54000091552734,125.56999969482422,125.56999969482422,388238
2026-09-09 13:30:00-04:00,716.260009765625,716.52001953125,715.7274780273438,716.3699951171875,716.3699951171875,417907,125.58000183105469,125.67500305175781,125.04000091552734,125.506103515625,125.506103515625,547324
2026-09-09 13:45:00-04:00,716.4000244140625,717.0399780273438,716.3699951171875,716.7000122070312,716.7000122070312,416898,125.48999786376953,126.19999694824219,125.47000122070312,125.875,125.875,502160
2026-09-09 14:00:00-04:00,716.6900024414062,716.77001953125,716.0438842773438,716.0438842773438,716.0438842773438,460567,125.86000061035156,126.05999755859375,125.55570220947266,125.7699966430664,125.7699966430664,344402
2026-09-09 14:15:00-04:00,716.010009765625,716.5202026367188,715.9299926757812,716.2999877929688,716.2999877929688,365176,125.77999877929688,125.93289947509766,125.44999694824219,125.5510025024414,125.5510025024414,329517
2026-09-09 14:30:00-04:00,716.3121948242188,716.6900024414062,716.1400146484375,716.6300048828125,716.6300048828125,563261,125.5999984741211,125.91999816894531,125.52999877929688,125.68000030517578,125.68000030517578,336874
2026-09-09 14:45:00-04:00,716.6224975585938,716.7999877929688,716.1400146484375,716.1500244140625,716.1500244140625,333777,125.7698974609375,125.80000305175781,124.81999969482422,124.9000015258789,124.9000015258789,494995
2026-09-09 15:00:00-04:00,716.1599731445312,716.3400268554688,715.760009765625,716.2249755859375,716.2249755859375,1098926,124.91999816894531,125.56990051269531,124.7699966430664,125.4000015258789,125.4000015258789,833386
2026-09-09 15:15:00-04:00,716.2249755859375,716.7449951171875,716.2109985351562,716.276123046875,716.276123046875,623265,125.43000030517578,126.06500244140625,125.16500091552734,125.17500305175781,125.17500305175781,754122
2026-09-09 15:30:00-04:00,716.280029296875,716.3900146484375,715.9099731445312,716.1300048828125,716.1300048828125,1216952,125.18000030517578,125.44000244140625,125.13999938964844,125.22000122070312,125.22000122070312,892128
2026-09-09 15:45:00-04:00,716.1300048828125,716.3699951171875,715.530029296875,716.280029296875,716.280029296875,1869634,125.25,125.9800033569336,125.0,125.90499877929688,125.90499877929688,2268485
2026-09-10 09:30:00-04:00,707.5650024414062,710.27001953125,706.85498046875,708.77001953125,708.77001953125,5469169,116.3499984741211,118.13999938964844,114.5999984741211,115.69999694824219,115.69999694824219,14013428
2026-09-10 09:45:00-04:00,708.8200073242188,710.3599853515625,707.5800170898438,707.8300170898438,707.8300170898438,1632055,115.73999786376953,116.55989837646484,113.55480194091797,113.87000274658203,113.87000274658203,4000105
2026-09-10 10:00:00-04:00,707.760009765625,709.7150268554688,707.760009765625,708.7899780273438,708.7899780273438,1239733,113.84500122070312,116.3499984741211,113.7699966430664,115.26499938964844,115.26499938964844,2697183
2026-09-10 10:15:00-04:00,708.77001953125,711.780029296875,708.1099853515625,710.4099731445312,710.4099731445312,1707481,115.22000122070312,118.02999877929688,114.62000274658203,117.08999633789062,117.08999633789062,2776286
2026-09-10 10:30:00-04:00,710.4099731445312,712.0599975585938,710.385009765625,711.1400146484375,711.1400146484375,1161479,117.08999633789062,119.06999969482422,116.84010314941406,117.75,117.75,2237534
2026-09-10 10:45:00-04:00,711.0999755859375,711.8049926757812,710.5,711.7999877929688,711.7999877929688,706981,117.76429748535156,118.8499984741211,117.23999786376953,118.83499908447266,118.83499908447266,1360401
2026-09-10 11:00:00-04:00,711.77001953125,711.8300170898438,710.6099853515625,711.3599853515625,711.3599853515625,1251088,118.87999725341797,119.31999969482422,117.93000030517578,119.06500244140625,119.06500244140625,1402321
2026-09-10 11:15:00-04:00,711.3300170898438,711.5999755859375,710.2100219726562,711.1300048828125,711.1300048828125,881099,119.08000183105469,119.19999694824219,117.81069946289062,118.55000305175781,118.55000305175781,1135944
2026-09-10 11:30:00-04:00,711.1300048828125,711.97998046875,710.6799926757812,711.510009765625,711.510009765625,700976,118.55480194091797,118.9800033569336,118.0801010131836,118.94999694824219,118.94999694824219,707355
2026-09-10 11:45:00-04:00,711.5399780273438,711.6300048828125,709.9199829101562,710.39501953125,710.39501953125,942793,118.95999908447266,119.01499938964844,117.91000366210938,118.47000122070312,118.47000122070312,841859
2026-09-10 12:00:00-04:00,710.3800048828125,711.0,709.4400024414062,709.77001953125,709.77001953125,977403,118.47000122070312,118.76000213623047,117.14029693603516,117.33000183105469,117.33000183105469,963823
2026-09-10 12:15:00-04:00,709.8099975585938,710.27001953125,709.33251953125,709.6400146484375,709.6400146484375,672347,117.375,117.76000213623047,116.45010375976562,116.77999877929688,116.77999877929688,1064230
2026-09-10 12:30:00-04:00,709.635009765625,710.5700073242188,708.6300048828125,710.4249877929688,710.4249877929688,736330,116.76000213623047,117.17939758300781,115.75,117.04000091552734,117.04000091552734,1256471
2026-09-10 12:45:00-04:00,710.423095703125,711.25,710.364990234375,711.030029296875,711.030029296875,707146,117.03150177001953,118.19999694824219,117.03150177001953,118.04000091552734,118.04000091552734,1096090
2026-09-10 13:00:00-04:00,711.0078735351562,711.8099975585938,710.5499877929688,710.8200073242188,710.8200073242188,650818,118.02999877929688,118.80000305175781,117.81999969482422,117.9000015258789,117.9000015258789,879027
2026-09-10 13:15:00-04:00,710.8400268554688,711.0,710.239990234375,710.489990234375,710.489990234375,321151,117.8949966430664,118.05999755859375,117.38999938964844,117.62999725341797,117.62999725341797,440584
2026-09-10 13:30:00-04:00,710.468017578125,710.5899047851562,709.6699829101562,710.2899780273438,710.2899780273438,532418,117.5999984741211,117.7479019165039,116.91000366210938,117.4000015258789,117.4000015258789,488549
2026-09-10 13:45:00-04:00,710.2999877929688,710.3499755859375,709.7999877929688,709.8994750976562,709.8994750976562,931363,117.4000015258789,117.6500015258789,117.05999755859375,117.5250015258789,117.5250015258789,374338
2026-09-10 14:00:00-04:00,709.8800048828125,710.22998046875,708.969970703125,709.2349853515625,709.2349853515625,533589,117.52999877929688,117.86000061035156,116.7300033569336,117.18000030517578,117.18000030517578,558199
2026-09-10 14:15:00-04:00,709.2449951171875,709.7050170898438,708.97998046875,709.2098999023438,709.2098999023438,565988,117.0999984741211,117.5199966430664,116.8499984741211,117.01000213623047,117.01000213623047,420646
2026-09-10 14:30:00-04:00,709.1699829101562,709.6199951171875,708.9213256835938,709.5499877929688,709.5499877929688,509439,116.96009826660156,117.22000122070312,116.80000305175781,117.05030059814453,117.05030059814453,446583
2026-09-10 14:45:00-04:00,709.5399780273438,710.1799926757812,709.0100708007812,709.5750122070312,709.5750122070312,1000324,117.05000305175781,117.60130310058594,116.56999969482422,117.37000274658203,117.37000274658203,1009614
2026-09-10 15:00:00-04:00,709.5700073242188,709.606201171875,708.7899780273438,709.1386108398438,709.1386108398438,717901,117.37000274658203,117.66999816894531,116.08000183105469,116.41999816894531,116.41999816894531,1708906
2026-09-10 15:15:00-04:00,709.135009765625,709.3250122070312,708.6699829101562,709.1799926757812,709.1799926757812,601329,116.43000030517578,117.33999633789062,116.23999786376953,117.23999786376953,117.23999786376953,1206999
2026-09-10 15:30:00-04:00,709.1599731445312,709.4299926757812,708.8300170898438,709.135009765625,709.135009765625,1014016,117.2300033569336,117.61000061035156,116.7300033569336,116.73999786376953,116.73999786376953,3208150
2026-09-10 15:45:00-04:00,709.135009765625,709.3900146484375,708.280029296875,708.6599731445312,708.6599731445312,2279464,116.75,117.12000274658203,115.44999694824219,115.67500305175781,115.67500305175781,4615272
2026-09-11 09:30:00-04:00,715.4400024414062,716.1799926757812,713.9299926757812,716.0,716.0,4901822,119.75,122.12000274658203,117.8656005859375,121.96499633789062,121.96499633789062,16307868
2026-09-11 09:45:00-04:00,715.9849853515625,717.0399780273438,714.760009765625,716.864990234375,716.864990234375,1396677,122.0,123.19999694824219,120.25,121.86000061035156,121.86000061035156,3979191
2026-09-11 10:00:00-04:00,716.9299926757812,716.9299926757812,714.4099731445312,715.0700073242188,715.0700073242188,1209818,121.75,121.81950378417969,118.95999908447266,121.01000213623047,121.01000213623047,2987453
2026-09-11 10:15:00-04:00,715.1099853515625,716.8300170898438,714.5700073242188,716.4600219726562,716.4600219726562,1077587,120.97989654541016,122.83999633789062,120.59980010986328,122.41999816894531,122.41999816894531,2277223
2026-09-11 10:30:00-04:00,716.5,716.5499877929688,714.1099853515625,714.5599975585938,714.5599975585938,1361633,122.41000366210938,122.5,120.33999633789062,120.83000183105469,120.83000183105469,1681262
2026-09-11 10:45:00-04:00,714.5599975585938,715.219970703125,713.6500244140625,714.489990234375,714.489990234375,1198608,120.80999755859375,121.94000244140625,120.11710357666016,121.75,121.75,1305910
2026-09-11 11:00:00-04:00,714.4492797851562,715.97998046875,714.27001953125,715.0800170898438,715.0800170898438,816492,121.70999908447266,122.80999755859375,121.47000122070312,121.87000274658203,121.87000274658203,1472530
2026-09-11 11:15:00-04:00,715.0800170898438,717.4500122070312,715.0800170898438,717.2750244140625,717.2750244140625,917917,121.9000015258789,124.02179718017578,121.9000015258789,123.86000061035156,123.86000061035156,1656634
2026-09-11 11:30:00-04:00,717.27001953125,717.6199951171875,716.739990234375,717.1099853515625,717.1099853515625,510754,123.87999725341797,124.45999908447266,123.3384017944336,123.72000122070312,123.72000122070312,1308515
2026-09-11 11:45:00-04:00,717.0999755859375,717.0999755859375,716.219970703125,716.4600219726562,716.4600219726562,481980,123.69999694824219,123.97000122070312,123.02999877929688,123.53990173339844,123.53990173339844,715720
2026-09-11 12:00:00-04:00,716.4600219726562,717.260009765625,716.3200073242188,716.389892578125,716.389892578125,327072,123.52999877929688,123.98999786376953,123.0999984741211,123.30999755859375,123.30999755859375,650525
2026-09-11 12:15:00-04:00,716.3499755859375,716.4600219726562,715.1799926757812,715.25,715.25,675480,123.33000183105469,123.36000061035156,122.11599731445312,122.22000122070312,122.22000122070312,894349
2026-09-11 12:30:00-04:00,715.2763061523438,716.219970703125,715.0499877929688,716.0,716.0,470948,122.2300033569336,122.95999908447266,121.65010070800781,122.94000244140625,122.94000244140625,801391
2026-09-11 12:45:00-04:00,715.989990234375,716.1300048828125,715.5549926757812,716.0850219726562,716.0850219726562,312812,122.9000015258789,123.5,122.45999908447266,123.45500183105469,123.45500183105469,625394
2026-09-11 13:00:00-04:00,716.1099853515625,716.7899780273438,716.0900268554688,716.110107421875,716.110107421875,417661,123.45999908447266,123.9000015258789,123.17500305175781,123.2040023803711,123.2040023803711,696916
2026-09-11 13:15:00-04:00,716.1400146484375,717.1300048828125,716.1400146484375,716.7650146484375,716.7650146484375,547765,123.19999694824219,123.95999908447266,123.19999694824219,123.86000061035156,123.86000061035156,470981
2026-09-11 13:30:00-04:00,716.719970703125,717.0900268554688,716.6400756835938,716.760009765625,716.760009765625,353322,123.875,124.3499984741211,123.69999694824219,124.20989990234375,124.20989990234375,659217
2026-09-11 13:45:00-04:00,716.75,716.8900146484375,716.4400024414062,716.510009765625,716.510009765625,565545,124.20999908447266,124.5,123.9000015258789,123.97000122070312,123.97000122070312,622642
2026-09-11 14:00:00-04:00,716.530029296875,716.7100219726562,716.1798706054688,716.2401123046875,716.2401123046875,567997,123.95500183105469,124.02999877929688,123.51010131835938,123.5999984741211,123.5999984741211,405221
2026-09-11 14:15:00-04:00,716.27001953125,716.3699951171875,715.719970703125,716.2849731445312,716.2849731445312,813794,123.58999633789062,123.76000213623047,123.19000244140625,123.4800033569336,123.4800033569336,782656
2026-09-11 14:30:00-04:00,716.280029296875,716.6699829101562,716.0399780273438,716.1799926757812,716.1799926757812,367272,123.50990295410156,123.9000015258789,123.29000091552734,123.51000213623047,123.51000213623047,524566
2026-09-11 14:45:00-04:00,716.1900024414062,716.3400268554688,715.8800048828125,715.9401245117188,715.9401245117188,443096,123.5199966430664,123.62000274658203,122.931396484375,123.06009674072266,123.06009674072266,618624
2026-09-11 15:00:00-04:00,715.97998046875,716.0499877929688,715.3922729492188,715.5999755859375,715.5999755859375,409774,123.08000183105469,123.0999984741211,121.94999694824219,122.02999877929688,122.02999877929688,1096888
2026-09-11 15:15:00-04:00,715.655029296875,715.8800048828125,715.5399780273438,715.60498046875,715.60498046875,313193,122.05000305175781,122.52989959716797,121.5999984741211,121.76000213623047,121.76000213623047,1528152
2026-09-11 15:30:00-04:00,715.5900268554688,715.8900146484375,715.5499877929688,715.7899780273438,715.7899780273438,723655,121.74500274658203,121.94999694824219,121.47000122070312,121.80000305175781,121.80000305175781,3488802
2026-09-11 15:45:00-04:00,715.7899780273438,715.905029296875,714.739990234375,714.8499755859375,714.8499755859375,3278380,121.80000305175781,122.08999633789062,121.30039978027344,121.83999633789062,121.83999633789062,3988396
2026-09-14 09:30:00-04:00,703.2899780273438,704.530029296875,702.75,704.4849853515625,704.4849853515625,5717966,101.52999877929688,102.31999969482422,99.87000274658203,102.22000122070312,102.22000122070312,29948196
2026-09-14 09:45:00-04:00,704.489990234375,706.739990234375,704.47998046875,705.7849731445312,705.7849731445312,2540099,102.19999694824219,104.9800033569336,102.06009674072266,102.44000244140625,102.44000244140625,9358994
2026-09-14 10:00:00-04:00,705.7401123046875,707.7698974609375,705.7000122070312,707.4199829101562,707.4199829101562,1477005,102.43000030517578,105.33989715576172,102.30999755859375,104.37120056152344,104.37120056152344,4999295
2026-09-14 10:15:00-04:00,707.4299926757812,707.6199951171875,705.1099853515625,705.780029296875,705.780029296875,1509408,104.45020294189453,104.94869995117188,102.77999877929688,103.0999984741211,103.0999984741211,2962334
2026-09-14 10:30:00-04:00,705.7924194335938,706.0999755859375,704.590087890625,705.4400024414062,705.4400024414062,940975,103.07009887695312,103.55999755859375,101.30000305175781,102.00499725341797,102.00499725341797,3640741
2026-09-14 10:45:00-04:00,705.4500122070312,706.1099853515625,704.9299926757812,705.9099731445312,705.9099731445312,659014,102.00499725341797,102.43789672851562,100.68000030517578,101.16000366210938,101.16000366210938,3026392
2026-09-14 11:00:00-04:00,705.905029296875,707.5499877929688,705.27001953125,706.1599731445312,706.1599731445312,1151429,101.1449966430664,102.45999908447266,100.43000030517578,100.44940185546875,100.44940185546875,3397851
2026-09-14 11:15:00-04:00,706.1599731445312,707.760009765625,706.0499877929688,707.5499877929688,707.5499877929688,768968,100.45500183105469,102.28379821777344,100.37999725341797,102.07499694824219,102.07499694824219,2186576
2026-09-14 11:30:00-04:00,707.530029296875,710.6466064453125,707.3800048828125,710.4349975585938,710.4349975585938,1823378,102.05000305175781,104.45999908447266,102.01850128173828,104.02999877929688,104.02999877929688,3286175
2026-09-14 11:45:00-04:00,710.4600219726562,710.5,709.5599975585938,709.8375854492188,709.8375854492188,1040169,104.05000305175781,104.08000183105469,102.95999908447266,103.2750015258789,103.2750015258789,1351281
2026-09-14 12:00:00-04:00,709.7899780273438,709.8848876953125,708.8400268554688,709.489990234375,709.489990234375,834233,103.23999786376953,103.30000305175781,101.77999877929688,102.0999984741211,102.0999984741211,1574288
2026-09-14 12:15:00-04:00,709.47998046875,711.1199951171875,709.47998046875,710.2999877929688,710.2999877929688,686435,102.16000366210938,103.9800033569336,102.16000366210938,103.23999786376953,103.23999786376953,1794001
2026-09-14 12:30:00-04:00,710.1900024414062,710.9000244140625,710.0499877929688,710.9000244140625,710.9000244140625,593714,103.20999908447266,103.77999877929688,102.70760345458984,103.76499938964844,103.76499938964844,1211524
2026-09-14 12:45:00-04:00,710.9400024414062,712.2999877929688,710.590087890625,711.8599853515625,711.8599853515625,1078892,103.77249908447266,104.69999694824219,103.5,103.99500274658203,103.99500274658203,1648168
2026-09-14 13:00:00-04:00,711.8599853515625,712.2861938476562,711.3900146484375,711.7550048828125,711.7550048828125,335553,103.9749984741211,104.4800033569336,103.5999984741211,103.94999694824219,103.94999694824219,940000
2026-09-14 13:15:00-04:00,711.7550048828125,712.3499755859375,711.3599853515625,712.3480224609375,712.3480224609375,625943,103.94999694824219,104.02999877929688,103.2699966430664,103.87999725341797,103.87999725341797,845771
2026-09-14 13:30:00-04:00,712.3499755859375,712.5,712.0900268554688,712.3809814453125,712.3809814453125,692600,103.88500213623047,103.9000015258789,103.41999816894531,103.83999633789062,103.83999633789062,660121
2026-09-14 13:45:00-04:00,712.4000244140625,712.9500122070312,712.3900146484375,712.4130249023438,712.4130249023438,397568,103.8499984741211,104.51499938964844,103.8499984741211,104.206298828125,104.206298828125,1021871
2026-09-14 14:00:00-04:00,712.4550170898438,712.864990234375,712.1021728515625,712.4349975585938,712.4349975585938,403503,104.25,104.7300033569336,104.01010131835938,104.38999938964844,104.38999938964844,929085
2026-09-14 14:15:00-04:00,712.469970703125,712.6199951171875,711.81201171875,711.9099731445312,711.9099731445312,473012,104.40499877929688,104.66999816894531,103.91999816894531,104.08899688720703,104.08899688720703,866287
2026-09-14 14:30:00-04:00,711.9500122070312,712.4199829101562,711.8499755859375,712.1300048828125,712.1300048828125,564649,104.08999633789062,104.90989685058594,104.0510025024414,104.78500366210938,104.78500366210938,1264881
2026-09-14 14:45:00-04:00,712.1500244140625,712.25,711.7424926757812,711.8400268554688,711.8400268554688,407108,104.77999877929688,105.17990112304688,104.44000244140625,105.12999725341797,105.12999725341797,1542762
2026-09-14 15:00:00-04:00,711.8300170898438,711.8599853515625,711.1199951171875,711.22998046875,711.22998046875,606243,105.15499877929688,105.38999938964844,103.8489990234375,104.02999877929688,104.02999877929688,2218307
2026-09-14 15:15:00-04:00,711.239990234375,711.239990234375,710.85498046875,711.0349731445312,711.0349731445312,700795,104.02999877929688,104.06999969482422,103.54000091552734,103.56999969482422,103.56999969482422,1753989
2026-09-14 15:30:00-04:00,711.030029296875,711.1799926757812,710.6649780273438,710.780029296875,710.780029296875,1100989,103.58499908447266,103.83989715576172,102.18000030517578,102.57759857177734,102.57759857177734,5599035
2026-09-14 15:45:00-04:00,710.72998046875,711.010009765625,709.0900268554688,709.1599731445312,709.1599731445312,5486624,102.58000183105469,102.7699966430664,101.0999984741211,101.13500213623047,101.13500213623047,8735735
2026-09-15 09:30:00-04:00,708.760009765625,709.22998046875,707.5599975585938,709.14501953125,709.14501953125,3061547,104.55000305175781,105.7699966430664,103.11000061035156,104.37999725341797,104.37999725341797,14158494
2026-09-15 09:45:00-04:00,709.1300048828125,709.5299072265625,708.4299926757812,708.9500122070312,708.9500122070312,999237,104.36000061035156,105.63999938964844,104.16999816894531,105.19000244140625,105.19000244140625,3511401
2026-09-15 10:00:00-04:00,708.9500122070312,709.010009765625,707.3709716796875,707.4000244140625,707.4000244140625,797227,105.18499755859375,105.94000244140625,104.25,104.76000213623047,104.76000213623047,2339877
